"","Country area or territory","Surveillance site type","Year-week (ISO 8601 calendar)","Week start date (ISO 8601 calendar)","Specimen tested","Influenza positive","Influenza negative","A (H1N1)pdm09","A (H3)","B (Victoria)","B (Yamagata)"
"1","Germany","Non-sentinel","2016-40",2016-10-03,2,0,2,0,0,0,0
"2","Germany","Non-sentinel","2016-41",2016-10-10,0,0,0,0,0,0,0
"3","Germany","Non-sentinel","2016-42",2016-10-17,1,0,1,0,0,0,0
"4","Germany","Non-sentinel","2016-43",2016-10-24,4,1,3,0,1,0,0
"5","Germany","Non-sentinel","2016-44",2016-10-31,0,0,0,0,0,0,0
"6","Germany","Non-sentinel","2016-45",2016-11-07,2,0,2,0,0,0,0
"7","Germany","Non-sentinel","2016-46",2016-11-14,0,0,0,0,0,0,0
"8","Germany","Non-sentinel","2016-47",2016-11-21,7,3,4,0,2,0,1
"9","Germany","Non-sentinel","2016-48",2016-11-28,4,0,4,0,0,0,0
"10","Germany","Non-sentinel","2016-49",2016-12-05,11,4,7,0,4,0,0
"11","Germany","Non-sentinel","2016-50",2016-12-12,11,0,11,0,0,0,0
"12","Germany","Non-sentinel","2016-51",2016-12-19,25,8,17,0,8,0,0
"13","Germany","Non-sentinel","2016-52",2016-12-26,37,20,17,0,20,0,0
"14","Germany","Non-sentinel","2017-01",2017-01-02,17,3,14,0,3,0,0
"15","Germany","Non-sentinel","2017-02",2017-01-09,12,2,10,0,2,0,0
"16","Germany","Non-sentinel","2017-03",2017-01-16,24,8,16,0,8,0,0
"17","Germany","Non-sentinel","2017-04",2017-01-23,41,16,25,0,16,0,0
"18","Germany","Non-sentinel","2017-05",2017-01-30,32,7,25,0,7,0,0
"19","Germany","Non-sentinel","2017-06",2017-02-06,36,15,21,0,15,0,0
"20","Germany","Non-sentinel","2017-07",2017-02-13,31,13,18,1,11,0,1
"21","Germany","Non-sentinel","2017-08",2017-02-20,14,4,10,0,4,0,0
"22","Germany","Non-sentinel","2017-09",2017-02-27,13,2,11,0,2,0,0
"23","Germany","Non-sentinel","2017-10",2017-03-06,15,3,12,0,3,0,0
"24","Germany","Non-sentinel","2017-11",2017-03-13,7,0,7,0,0,0,0
"25","Germany","Non-sentinel","2017-12",2017-03-20,9,0,9,0,0,0,0
"26","Germany","Non-sentinel","2017-13",2017-03-27,5,0,5,0,0,0,0
"27","Germany","Non-sentinel","2017-14",2017-04-03,19,8,11,2,3,1,2
"28","Germany","Non-sentinel","2017-15",2017-04-10,6,2,4,2,0,0,0
"29","Germany","Non-sentinel","2017-16",2017-04-17,1,0,1,0,0,0,0
"30","Germany","Non-sentinel","2017-17",2017-04-24,1,1,0,0,1,0,0
"31","Germany","Non-sentinel","2017-18",2017-05-01,20,0,20,0,0,0,0
"32","Germany","Non-sentinel","2017-19",2017-05-08,4,0,4,0,0,0,0
"33","Germany","Non-sentinel","2017-20",2017-05-15,7,4,3,1,2,0,1
"34","Germany","Non-sentinel","2017-21",2017-05-22,6,0,6,0,0,0,0
"35","Germany","Non-sentinel","2017-22",2017-05-29,0,0,0,0,0,0,0
"36","Germany","Non-sentinel","2017-23",2017-06-05,3,0,3,0,0,0,0
"37","Germany","Non-sentinel","2017-24",2017-06-12,6,0,6,0,0,0,0
"38","Germany","Non-sentinel","2017-25",2017-06-19,30,0,30,0,0,0,0
"39","Germany","Non-sentinel","2017-26",2017-06-26,1,0,1,0,0,0,0
"40","Germany","Non-sentinel","2017-27",2017-07-03,4,0,4,0,0,0,0
"41","Germany","Non-sentinel","2017-28",2017-07-10,2,0,2,0,0,0,0
"42","Germany","Non-sentinel","2017-29",2017-07-17,4,0,4,0,0,0,0
"43","Germany","Non-sentinel","2017-30",2017-07-24,6,0,6,0,0,0,0
"44","Germany","Non-sentinel","2017-31",2017-07-31,4,0,4,0,0,0,0
"45","Germany","Non-sentinel","2017-32",2017-08-07,3,0,3,0,0,0,0
"46","Germany","Non-sentinel","2017-33",2017-08-14,5,0,5,0,0,0,0
"47","Germany","Non-sentinel","2017-34",2017-08-21,1,0,1,0,0,0,0
"48","Germany","Non-sentinel","2017-35",2017-08-28,0,0,0,0,0,0,0
"49","Germany","Non-sentinel","2017-36",2017-09-04,8,0,8,0,0,0,0
"50","Germany","Non-sentinel","2017-37",2017-09-11,3,0,3,0,0,0,0
"51","Germany","Non-sentinel","2017-38",2017-09-18,4,0,4,0,0,0,0
"52","Germany","Non-sentinel","2017-40",2017-10-02,2,0,2,0,0,0,0
"53","Germany","Non-sentinel","2017-41",2017-10-09,4,3,1,0,3,0,0
"54","Germany","Non-sentinel","2017-42",2017-10-16,2,0,2,0,0,0,0
"55","Germany","Non-sentinel","2017-43",2017-10-23,4,0,4,0,0,0,0
"56","Germany","Non-sentinel","2017-44",2017-10-30,1,1,0,0,1,0,0
"57","Germany","Non-sentinel","2017-45",2017-11-06,5,1,4,0,1,0,0
"58","Germany","Non-sentinel","2017-46",2017-11-13,4,0,4,0,0,0,0
"59","Germany","Non-sentinel","2017-47",2017-11-20,4,0,4,0,0,0,0
"60","Germany","Non-sentinel","2017-48",2017-11-27,2,0,2,0,0,0,0
"61","Germany","Non-sentinel","2017-49",2017-12-04,3,0,3,0,0,0,0
"62","Germany","Non-sentinel","2017-50",2017-12-11,8,2,6,0,0,0,2
"63","Germany","Non-sentinel","2017-51",2017-12-18,17,14,3,8,0,0,6
"64","Germany","Non-sentinel","2017-52",2017-12-25,14,7,7,0,1,0,6
"65","Germany","Non-sentinel","2018-01",2018-01-01,19,1,18,1,0,0,0
"66","Germany","Non-sentinel","2018-02",2018-01-08,16,4,12,0,1,0,3
"67","Germany","Non-sentinel","2018-03",2018-01-15,36,24,12,1,1,2,20
"68","Germany","Non-sentinel","2018-04",2018-01-22,34,26,8,22,0,0,4
"69","Germany","Non-sentinel","2018-05",2018-01-29,33,11,22,3,1,1,6
"70","Germany","Non-sentinel","2018-06",2018-02-05,30,17,13,0,9,0,8
"71","Germany","Non-sentinel","2018-07",2018-02-12,30,8,22,5,1,0,2
"72","Germany","Non-sentinel","2018-08",2018-02-19,24,15,9,10,0,0,5
"73","Germany","Non-sentinel","2018-09",2018-02-26,24,7,17,4,1,0,2
"74","Germany","Non-sentinel","2018-10",2018-03-05,24,7,17,4,0,0,3
"75","Germany","Non-sentinel","2018-11",2018-03-12,31,7,24,4,0,0,3
"76","Germany","Non-sentinel","2018-12",2018-03-19,17,3,14,0,0,0,3
"77","Germany","Non-sentinel","2018-13",2018-03-26,7,2,5,2,0,0,0
"78","Germany","Non-sentinel","2018-14",2018-04-02,6,1,5,0,0,0,1
"79","Germany","Non-sentinel","2018-15",2018-04-09,11,0,11,0,0,0,0
"80","Germany","Non-sentinel","2018-16",2018-04-16,9,0,9,0,0,0,0
"81","Germany","Non-sentinel","2018-17",2018-04-23,9,0,9,0,0,0,0
"82","Germany","Non-sentinel","2018-18",2018-04-30,8,0,8,0,0,0,0
"83","Germany","Non-sentinel","2018-19",2018-05-07,8,0,8,0,0,0,0
"84","Germany","Non-sentinel","2018-20",2018-05-14,1,0,1,0,0,0,0
"85","Germany","Non-sentinel","2018-21",2018-05-21,3,0,3,0,0,0,0
"86","Germany","Non-sentinel","2018-22",2018-05-28,3,0,3,0,0,0,0
"87","Germany","Non-sentinel","2018-23",2018-06-04,4,0,4,0,0,0,0
"88","Germany","Non-sentinel","2018-24",2018-06-11,1,0,1,0,0,0,0
"89","Germany","Non-sentinel","2018-25",2018-06-18,1,0,1,0,0,0,0
"90","Germany","Non-sentinel","2018-26",2018-06-25,1,0,1,0,0,0,0
"91","Germany","Non-sentinel","2018-27",2018-07-02,2,0,2,0,0,0,0
"92","Germany","Non-sentinel","2018-28",2018-07-09,0,0,0,0,0,0,0
"93","Germany","Non-sentinel","2018-29",2018-07-16,2,2,0,1,1,0,0
"94","Germany","Non-sentinel","2018-30",2018-07-23,0,0,0,0,0,0,0
"95","Germany","Non-sentinel","2018-31",2018-07-30,0,0,0,0,0,0,0
"96","Germany","Non-sentinel","2018-32",2018-08-06,0,0,0,0,0,0,0
"97","Germany","Non-sentinel","2018-33",2018-08-13,0,0,0,0,0,0,0
"98","Germany","Non-sentinel","2018-34",2018-08-20,0,0,0,0,0,0,0
"99","Germany","Non-sentinel","2018-35",2018-08-27,0,0,0,0,0,0,0
"100","Germany","Non-sentinel","2018-36",2018-09-03,0,0,0,0,0,0,0
"101","Germany","Non-sentinel","2018-37",2018-09-10,1,1,0,1,0,0,0
"102","Germany","Non-sentinel","2018-38",2018-09-17,2,1,1,0,1,0,0
"103","Germany","Non-sentinel","2018-40",2018-10-01,0,0,0,0,0,0,0
"104","Germany","Non-sentinel","2018-41",2018-10-08,1,0,1,0,0,0,0
"105","Germany","Non-sentinel","2018-42",2018-10-15,2,0,2,0,0,0,0
"106","Germany","Non-sentinel","2018-43",2018-10-22,2,1,1,0,1,0,0
"107","Germany","Non-sentinel","2018-44",2018-10-29,3,2,1,2,0,0,0
"108","Germany","Non-sentinel","2018-45",2018-11-05,3,0,3,0,0,0,0
"109","Germany","Non-sentinel","2018-46",2018-11-12,3,2,1,1,1,0,0
"110","Germany","Non-sentinel","2018-47",2018-11-19,2,0,2,0,0,0,0
"111","Germany","Non-sentinel","2018-48",2018-11-26,1,0,1,0,0,0,0
"112","Germany","Non-sentinel","2018-49",2018-12-03,4,1,3,0,1,0,0
"113","Germany","Non-sentinel","2018-50",2018-12-10,9,1,8,0,1,0,0
"114","Germany","Non-sentinel","2018-51",2018-12-17,7,1,6,1,0,0,0
"115","Germany","Non-sentinel","2018-52",2018-12-24,11,0,11,0,0,0,0
"116","Germany","Non-sentinel","2019-01",2018-12-31,16,3,13,3,0,0,0
"117","Germany","Non-sentinel","2019-02",2019-01-07,5,0,5,0,0,0,0
"118","Germany","Non-sentinel","2019-03",2019-01-14,17,3,14,3,0,0,0
"119","Germany","Non-sentinel","2019-04",2019-01-21,20,7,13,3,4,0,0
"120","Germany","Non-sentinel","2019-05",2019-01-28,31,5,26,2,3,0,0
"121","Germany","Non-sentinel","2019-06",2019-02-04,32,7,25,3,4,0,0
"122","Germany","Non-sentinel","2019-07",2019-02-11,34,14,20,6,8,0,0
"123","Germany","Non-sentinel","2019-08",2019-02-18,30,7,23,4,3,0,0
"124","Germany","Non-sentinel","2019-09",2019-02-25,18,6,12,2,4,0,0
"125","Germany","Non-sentinel","2019-10",2019-03-04,26,3,23,1,2,0,0
"126","Germany","Non-sentinel","2019-11",2019-03-11,15,5,10,2,3,0,0
"127","Germany","Non-sentinel","2019-12",2019-03-18,13,6,7,4,2,0,0
"128","Germany","Non-sentinel","2019-13",2019-03-25,14,0,14,0,0,0,0
"129","Germany","Non-sentinel","2019-14",2019-04-01,10,1,9,0,1,0,0
"130","Germany","Non-sentinel","2019-15",2019-04-08,9,3,6,0,3,0,0
"131","Germany","Non-sentinel","2019-16",2019-04-15,10,8,2,1,7,0,0
"132","Germany","Non-sentinel","2019-17",2019-04-22,3,1,2,0,1,0,0
"133","Germany","Non-sentinel","2019-18",2019-04-29,3,0,3,0,0,0,0
"134","Germany","Non-sentinel","2019-19",2019-05-06,1,0,1,0,0,0,0
"135","Germany","Non-sentinel","2019-20",2019-05-13,1,0,1,0,0,0,0
"136","Germany","Non-sentinel","2019-21",2019-05-20,7,1,6,1,0,0,0
"137","Germany","Non-sentinel","2019-22",2019-05-27,0,0,0,0,0,0,0
"138","Germany","Non-sentinel","2019-23",2019-06-03,1,0,1,0,0,0,0
"139","Germany","Non-sentinel","2019-24",2019-06-10,1,0,1,0,0,0,0
"140","Germany","Non-sentinel","2019-25",2019-06-17,0,0,0,0,0,0,0
"141","Germany","Non-sentinel","2019-26",2019-06-24,0,0,0,0,0,0,0
"142","Germany","Non-sentinel","2019-27",2019-07-01,96,4,92,2,1,0,1
"143","Germany","Non-sentinel","2019-28",2019-07-08,2,2,0,0,2,0,0
"144","Germany","Non-sentinel","2019-29",2019-07-15,0,0,0,0,0,0,0
"145","Germany","Non-sentinel","2019-30",2019-07-22,0,0,0,0,0,0,0
"146","Germany","Non-sentinel","2019-31",2019-07-29,0,0,0,0,0,0,0
"147","Germany","Non-sentinel","2019-32",2019-08-05,2,0,2,0,0,0,0
"148","Germany","Non-sentinel","2019-33",2019-08-12,0,0,0,0,0,0,0
"149","Germany","Non-sentinel","2019-34",2019-08-19,0,0,0,0,0,0,0
"150","Germany","Non-sentinel","2019-35",2019-08-26,1,0,1,0,0,0,0
"151","Germany","Non-sentinel","2019-36",2019-09-02,0,0,0,0,0,0,0
"152","Germany","Non-sentinel","2019-37",2019-09-09,1,1,0,0,1,0,0
"153","Germany","Non-sentinel","2019-38",2019-09-16,0,0,0,0,0,0,0
"154","Germany","Non-sentinel","2019-40",2019-09-30,1,0,1,0,0,0,0
"155","Germany","Non-sentinel","2019-41",2019-10-07,0,0,0,0,0,0,0
"156","Germany","Non-sentinel","2019-42",2019-10-14,26,2,24,0,2,0,0
"157","Germany","Non-sentinel","2019-43",2019-10-21,0,0,0,0,0,0,0
"158","Germany","Non-sentinel","2019-44",2019-10-28,1,0,1,0,0,0,0
"159","Germany","Non-sentinel","2019-45",2019-11-04,2,0,2,0,0,0,0
"160","Germany","Non-sentinel","2019-46",2019-11-11,3,0,3,0,0,0,0
"161","Germany","Non-sentinel","2019-47",2019-11-18,3,0,3,0,0,0,0
"162","Germany","Non-sentinel","2019-48",2019-11-25,8,3,5,3,0,0,0
"163","Germany","Non-sentinel","2019-49",2019-12-02,2,2,0,1,1,0,0
"164","Germany","Non-sentinel","2019-50",2019-12-09,3,1,2,0,0,1,0
"165","Germany","Non-sentinel","2019-51",2019-12-16,6,4,2,4,0,0,0
"166","Germany","Non-sentinel","2019-52",2019-12-23,4,2,2,1,1,0,0
"167","Germany","Non-sentinel","2020-01",2019-12-30,19,2,17,1,1,0,0
"168","Germany","Non-sentinel","2020-02",2020-01-06,12,4,8,3,0,1,0
"169","Germany","Non-sentinel","2020-03",2020-01-13,11,2,9,2,0,0,0
"170","Germany","Non-sentinel","2020-04",2020-01-20,17,5,12,3,2,0,0
"171","Germany","Non-sentinel","2020-05",2020-01-27,30,15,15,8,7,0,0
"172","Germany","Non-sentinel","2020-06",2020-02-03,29,8,21,3,3,2,0
"173","Germany","Non-sentinel","2020-07",2020-02-10,46,8,38,4,4,0,0
"174","Germany","Non-sentinel","2020-08",2020-02-17,34,19,15,5,7,7,0
"175","Germany","Non-sentinel","2020-09",2020-02-24,30,6,24,4,2,0,0
"176","Germany","Non-sentinel","2020-10",2020-03-02,35,5,30,5,0,0,0
"177","Germany","Non-sentinel","2020-11",2020-03-09,23,4,19,3,1,0,0
"178","Germany","Non-sentinel","2020-12",2020-03-16,11,1,10,1,0,0,0
"179","Germany","Non-sentinel","2020-13",2020-03-23,8,0,8,0,0,0,0
"180","Germany","Non-sentinel","2020-14",2020-03-30,2,0,2,0,0,0,0
"181","Germany","Non-sentinel","2020-15",2020-04-06,4,0,4,0,0,0,0
"182","Germany","Non-sentinel","2020-16",2020-04-13,7,0,7,0,0,0,0
"183","Germany","Non-sentinel","2020-17",2020-04-20,0,0,0,0,0,0,0
"184","Germany","Non-sentinel","2020-18",2020-04-27,3,0,3,0,0,0,0
"185","Germany","Non-sentinel","2020-19",2020-05-04,5,0,5,0,0,0,0
"186","Germany","Non-sentinel","2020-20",2020-05-11,1,0,1,0,0,0,0
"187","Germany","Non-sentinel","2020-21",2020-05-18,1,0,1,0,0,0,0
"188","Germany","Non-sentinel","2020-22",2020-05-25,0,0,0,0,0,0,0
"189","Germany","Non-sentinel","2020-23",2020-06-01,0,0,0,0,0,0,0
"190","Germany","Non-sentinel","2020-24",2020-06-08,0,0,0,0,0,0,0
"191","Germany","Non-sentinel","2020-25",2020-06-15,1,0,1,0,0,0,0
"192","Germany","Non-sentinel","2020-26",2020-06-22,0,0,0,0,0,0,0
"193","Germany","Non-sentinel","2020-27",2020-06-29,0,0,0,0,0,0,0
"194","Germany","Non-sentinel","2020-28",2020-07-06,15,0,15,0,0,0,0
"195","Germany","Non-sentinel","2020-29",2020-07-13,7,0,7,0,0,0,0
"196","Germany","Non-sentinel","2020-30",2020-07-20,0,0,0,0,0,0,0
"197","Germany","Non-sentinel","2020-31",2020-07-27,0,0,0,0,0,0,0
"198","Germany","Non-sentinel","2020-32",2020-08-03,0,0,0,0,0,0,0
"199","Germany","Non-sentinel","2020-33",2020-08-10,0,0,0,0,0,0,0
"200","Germany","Non-sentinel","2020-34",2020-08-17,1,0,1,0,0,0,0
"201","Germany","Non-sentinel","2020-35",2020-08-24,2,0,2,0,0,0,0
"202","Germany","Non-sentinel","2020-36",2020-08-31,2,0,2,0,0,0,0
"203","Germany","Non-sentinel","2020-37",2020-09-07,3,0,3,0,0,0,0
"204","Germany","Non-sentinel","2020-38",2020-09-14,9,0,9,0,0,0,0
"205","Germany","Non-sentinel","2020-39",2020-09-21,0,0,0,0,0,0,0
"206","Germany","Non-sentinel","2020-40",2020-09-28,1,0,1,0,0,0,0
"207","Germany","Non-sentinel","2020-41",2020-10-05,1,0,1,0,0,0,0
"208","Germany","Non-sentinel","2020-42",2020-10-12,2,0,2,0,0,0,0
"209","Germany","Non-sentinel","2020-43",2020-10-19,2,0,2,0,0,0,0
"210","Germany","Non-sentinel","2020-44",2020-10-26,2,0,2,0,0,0,0
"211","Germany","Non-sentinel","2020-45",2020-11-02,1,0,1,0,0,0,0
"212","Germany","Non-sentinel","2020-46",2020-11-09,0,0,0,0,0,0,0
"213","Germany","Non-sentinel","2020-47",2020-11-16,1,0,1,0,0,0,0
"214","Germany","Non-sentinel","2020-48",2020-11-23,2,0,2,0,0,0,0
"215","Germany","Non-sentinel","2020-49",2020-11-30,2,0,2,0,0,0,0
"216","Germany","Non-sentinel","2020-50",2020-12-07,3,0,3,0,0,0,0
"217","Germany","Non-sentinel","2020-51",2020-12-14,0,0,0,0,0,0,0
"218","Germany","Non-sentinel","2020-52",2020-12-21,1,0,1,0,0,0,0
"219","Germany","Non-sentinel","2020-53",2020-12-28,1,0,1,0,0,0,0
"220","Germany","Non-sentinel","2021-01",2021-01-04,2,0,2,0,0,0,0
"221","Germany","Non-sentinel","2021-02",2021-01-11,6,0,6,0,0,0,0
"222","Germany","Non-sentinel","2021-03",2021-01-18,3,0,3,0,0,0,0
"223","Germany","Non-sentinel","2021-04",2021-01-25,1,0,1,0,0,0,0
"224","Germany","Non-sentinel","2021-05",2021-02-01,5,0,5,0,0,0,0
"225","Germany","Non-sentinel","2021-06",2021-02-08,5,0,5,0,0,0,0
"226","Germany","Non-sentinel","2021-07",2021-02-15,2,0,2,0,0,0,0
"227","Germany","Non-sentinel","2021-08",2021-02-22,4,0,4,0,0,0,0
"228","Germany","Non-sentinel","2021-09",2021-03-01,4,1,3,0,0,1,0
"229","Germany","Non-sentinel","2021-10",2021-03-08,0,0,0,0,0,0,0
"230","Germany","Non-sentinel","2021-11",2021-03-15,4,0,4,0,0,0,0
"231","Germany","Non-sentinel","2021-12",2021-03-22,0,0,0,0,0,0,0
"232","Germany","Non-sentinel","2021-13",2021-03-29,0,0,0,0,0,0,0
"233","Germany","Non-sentinel","2021-14",2021-04-05,0,0,0,0,0,0,0
"234","Germany","Non-sentinel","2021-15",2021-04-12,0,0,0,0,0,0,0
"235","Germany","Non-sentinel","2021-16",2021-04-19,0,0,0,0,0,0,0
"236","Germany","Non-sentinel","2021-17",2021-04-26,1,0,1,0,0,0,0
"237","Germany","Non-sentinel","2021-18",2021-05-03,1,0,1,0,0,0,0
"238","Germany","Non-sentinel","2021-19",2021-05-10,0,0,0,0,0,0,0
"239","Germany","Non-sentinel","2021-20",2021-05-17,2,0,2,0,0,0,0
"240","Germany","Non-sentinel","2021-21",2021-05-24,4,0,4,0,0,0,0
"241","Germany","Non-sentinel","2021-22",2021-05-31,2,0,2,0,0,0,0
"242","Germany","Non-sentinel","2021-23",2021-06-07,0,0,0,0,0,0,0
"243","Germany","Non-sentinel","2021-24",2021-06-14,1,0,1,0,0,0,0
"244","Germany","Non-sentinel","2021-25",2021-06-21,0,0,0,0,0,0,0
"245","Germany","Non-sentinel","2021-26",2021-06-28,0,0,0,0,0,0,0
"246","Germany","Non-sentinel","2021-27",2021-07-05,4,0,4,0,0,0,0
"247","Germany","Non-sentinel","2021-28",2021-07-12,1,0,1,0,0,0,0
"248","Germany","Non-sentinel","2021-29",2021-07-19,0,0,0,0,0,0,0
"249","Germany","Non-sentinel","2021-30",2021-07-26,0,0,0,0,0,0,0
"250","Germany","Non-sentinel","2021-31",2021-08-02,0,0,0,0,0,0,0
"251","Germany","Non-sentinel","2021-32",2021-08-09,0,0,0,0,0,0,0
"252","Germany","Non-sentinel","2021-33",2021-08-16,1,0,1,0,0,0,0
"253","Germany","Non-sentinel","2021-34",2021-08-23,0,0,0,0,0,0,0
"254","Germany","Non-sentinel","2021-35",2021-08-30,0,0,0,0,0,0,0
"255","Germany","Non-sentinel","2021-36",2021-09-06,5,0,5,0,0,0,0
"256","Germany","Non-sentinel","2021-37",2021-09-13,8,1,7,0,1,0,0
"257","Germany","Non-sentinel","2021-38",2021-09-20,11,0,11,0,0,0,0
"258","Germany","Non-sentinel","2021-39",2021-09-27,8,0,8,0,0,0,0
"259","Germany","Non-sentinel","2021-40",2021-10-04,9,0,9,0,0,0,0
"260","Germany","Non-sentinel","2021-41",2021-10-11,13,0,13,0,0,0,0
"261","Germany","Non-sentinel","2021-42",2021-10-18,18,0,18,0,0,0,0
"262","Germany","Non-sentinel","2021-43",2021-10-25,28,1,27,0,1,0,0
"263","Germany","Non-sentinel","2021-44",2021-11-01,26,1,25,0,0,1,0
"264","Germany","Non-sentinel","2021-45",2021-11-08,0,0,0,0,0,0,0
"265","Germany","Non-sentinel","2021-46",2021-11-15,18,1,17,0,1,0,0
"266","Germany","Non-sentinel","2021-47",2021-11-22,18,2,16,0,2,0,0
"267","Germany","Non-sentinel","2021-48",2021-11-29,4,1,3,0,1,0,0
"268","Germany","Non-sentinel","2021-49",2021-12-06,1,0,1,0,0,0,0
"269","Germany","Non-sentinel","2021-50",2021-12-13,2,2,0,0,2,0,0
"270","Germany","Non-sentinel","2021-51",2021-12-20,3,1,2,0,1,0,0
"271","Germany","Non-sentinel","2021-52",2021-12-27,5,4,1,0,4,0,0
"272","Germany","Non-sentinel","2022-01",2022-01-03,6,5,1,0,5,0,0
"273","Germany","Non-sentinel","2022-02",2022-01-10,7,3,4,0,3,0,0
"274","Germany","Non-sentinel","2022-03",2022-01-17,15,11,4,2,9,0,0
"275","Germany","Non-sentinel","2022-04",2022-01-24,9,8,1,0,8,0,0
"276","Germany","Non-sentinel","2022-05",2022-01-31,26,23,3,0,23,0,0
"277","Germany","Non-sentinel","2022-06",2022-02-07,17,17,0,0,17,0,0
"278","Germany","Non-sentinel","2022-07",2022-02-14,8,6,2,0,6,0,0
"279","Germany","Non-sentinel","2022-08",2022-02-21,7,6,1,0,6,0,0
"280","Germany","Non-sentinel","2022-09",2022-02-28,8,5,3,2,3,0,0
"281","Germany","Non-sentinel","2022-10",2022-03-07,12,11,1,0,11,0,0
"282","Germany","Non-sentinel","2022-11",2022-03-14,16,16,0,0,16,0,0
"283","Germany","Non-sentinel","2022-12",2022-03-21,30,20,10,0,19,0,1
"284","Germany","Non-sentinel","2022-13",2022-03-28,23,19,4,0,18,0,1
"285","Germany","Non-sentinel","2022-14",2022-04-04,23,22,1,0,22,0,0
"286","Germany","Non-sentinel","2022-15",2022-04-11,18,18,0,0,18,0,0
"287","Germany","Non-sentinel","2022-16",2022-04-18,18,17,1,0,17,0,0
"288","Germany","Non-sentinel","2022-17",2022-04-25,35,9,26,1,8,0,0
"289","Germany","Non-sentinel","2022-18",2022-05-02,10,10,0,0,8,2,0
"290","Germany","Non-sentinel","2022-19",2022-05-09,13,13,0,1,12,0,0
"291","Germany","Non-sentinel","2022-20",2022-05-16,9,8,1,0,7,1,0
"292","Germany","Non-sentinel","2022-21",2022-05-23,5,5,0,0,5,0,0
"293","Germany","Non-sentinel","2022-22",2022-05-30,18,13,5,0,13,0,0
"294","Germany","Non-sentinel","2022-23",2022-06-06,6,6,0,0,6,0,0
"295","Germany","Non-sentinel","2022-24",2022-06-13,3,2,1,0,2,0,0
"296","Germany","Non-sentinel","2022-25",2022-06-20,5,5,0,0,5,0,0
"297","Germany","Non-sentinel","2022-26",2022-06-27,3,2,1,0,2,0,0
"298","Germany","Non-sentinel","2022-27",2022-07-04,1,1,0,0,1,0,0
"299","Germany","Non-sentinel","2022-28",2022-07-11,73,1,72,0,1,0,0
"300","Germany","Non-sentinel","2022-29",2022-07-18,1,0,1,0,0,0,0
"301","Germany","Non-sentinel","2022-30",2022-07-25,2,2,0,1,1,0,0
"302","Germany","Non-sentinel","2022-31",2022-08-01,1,0,1,0,0,0,0
"303","Germany","Non-sentinel","2022-32",2022-08-08,2,2,0,0,2,0,0
"304","Germany","Non-sentinel","2022-33",2022-08-15,24,2,22,1,1,0,0
"305","Germany","Non-sentinel","2022-34",2022-08-22,6,2,4,0,2,0,0
"306","Germany","Non-sentinel","2022-35",2022-08-29,8,1,7,0,1,0,0
"307","Germany","Non-sentinel","2022-36",2022-09-05,8,1,7,0,1,0,0
"308","Germany","Non-sentinel","2022-37",2022-09-12,3,1,2,0,0,1,0
"309","Germany","Non-sentinel","2022-38",2022-09-19,1,1,0,0,1,0,0
"310","Germany","Non-sentinel","2022-39",2022-09-26,0,0,0,0,0,0,0
"311","Germany","Non-sentinel","2022-40",2022-10-03,32,20,12,0,20,0,0
"312","Germany","Non-sentinel","2022-41",2022-10-10,6,4,2,0,3,1,0
"313","Germany","Non-sentinel","2022-42",2022-10-17,13,11,2,0,10,1,0
"314","Germany","Non-sentinel","2022-43",2022-10-24,15,9,6,1,8,0,0
"315","Germany","Non-sentinel","2022-44",2022-10-31,12,9,3,1,8,0,0
"316","Germany","Non-sentinel","2022-45",2022-11-07,7,5,2,0,4,1,0
"317","Germany","Non-sentinel","2022-46",2022-11-14,26,21,5,3,18,0,0
"318","Germany","Non-sentinel","2022-47",2022-11-21,42,37,5,3,33,1,0
"319","Germany","Non-sentinel","2022-48",2022-11-28,85,69,16,6,61,2,0
"320","Germany","Non-sentinel","2022-49",2022-12-05,35,23,12,3,19,1,0
"321","Germany","Non-sentinel","2022-50",2022-12-12,28,23,5,1,22,0,0
"322","Germany","Non-sentinel","2022-51",2022-12-19,34,25,9,2,22,1,0
"323","Germany","Non-sentinel","2022-52",2022-12-26,14,8,6,1,5,2,0
"324","Germany","Non-sentinel","2023-01",2023-01-02,18,5,13,0,2,3,0
"325","Germany","Non-sentinel","2023-02",2023-01-09,17,4,13,1,1,2,0
"326","Germany","Non-sentinel","2023-03",2023-01-16,16,2,14,0,0,2,0
"327","Germany","Non-sentinel","2023-04",2023-01-23,23,12,11,0,0,12,0
"328","Germany","Non-sentinel","2023-05",2023-01-30,34,13,21,0,1,12,0
"329","Germany","Non-sentinel","2023-06",2023-02-06,31,10,21,1,0,9,0
"330","Germany","Non-sentinel","2023-07",2023-02-13,29,21,8,0,0,21,0
"331","Germany","Non-sentinel","2023-08",2023-02-20,27,9,18,5,0,4,0
"332","Germany","Non-sentinel","2023-09",2023-02-27,16,7,9,5,0,2,0
"333","Germany","Non-sentinel","2023-10",2023-03-06,19,6,13,4,0,2,0
"334","Germany","Non-sentinel","2023-11",2023-03-13,15,1,14,1,0,0,0
"335","Germany","Non-sentinel","2023-12",2023-03-20,11,2,9,2,0,0,0
"336","Germany","Non-sentinel","2023-13",2023-03-27,13,3,10,1,1,1,0
"337","Germany","Non-sentinel","2023-14",2023-04-03,8,2,6,0,0,2,0
"338","Germany","Non-sentinel","2023-15",2023-04-10,7,1,6,0,0,1,0
"339","Germany","Non-sentinel","2023-16",2023-04-17,19,2,17,0,2,0,0
"340","Germany","Non-sentinel","2023-17",2023-04-24,12,1,11,1,0,0,0
"341","Germany","Non-sentinel","2023-18",2023-05-01,9,0,9,0,0,0,0
"342","Germany","Non-sentinel","2023-19",2023-05-08,10,0,10,0,0,0,0
"343","Germany","Non-sentinel","2023-20",2023-05-15,4,0,4,0,0,0,0
"344","Germany","Non-sentinel","2023-21",2023-05-22,11,1,10,1,0,0,0
"345","Germany","Non-sentinel","2023-22",2023-05-29,5,0,5,0,0,0,0
"346","Germany","Non-sentinel","2023-23",2023-06-05,10,0,10,0,0,0,0
"347","Germany","Non-sentinel","2023-24",2023-06-12,10,0,10,0,0,0,0
"348","Germany","Non-sentinel","2023-25",2023-06-19,12,1,11,0,0,1,0
"349","Germany","Non-sentinel","2023-26",2023-06-26,3,0,3,0,0,0,0
"350","Germany","Non-sentinel","2023-27",2023-07-03,4,0,4,0,0,0,0
"351","Germany","Non-sentinel","2023-28",2023-07-10,7,0,7,0,0,0,0
"352","Germany","Non-sentinel","2023-29",2023-07-17,7,0,7,0,0,0,0
"353","Germany","Non-sentinel","2023-30",2023-07-24,7,0,7,0,0,0,0
"354","Germany","Non-sentinel","2023-31",2023-07-31,8,0,8,0,0,0,0
"355","Germany","Non-sentinel","2023-32",2023-08-07,6,0,6,0,0,0,0
"356","Germany","Non-sentinel","2023-33",2023-08-14,13,2,11,1,1,0,0
"357","Germany","Non-sentinel","2023-34",2023-08-21,12,3,9,0,3,0,0
"358","Germany","Non-sentinel","2023-35",2023-08-28,6,0,6,0,0,0,0
"359","Germany","Non-sentinel","2023-36",2023-09-04,29,2,27,2,0,0,0
"360","Germany","Non-sentinel","2023-37",2023-09-11,11,0,11,0,0,0,0
"361","Germany","Non-sentinel","2023-38",2023-09-18,19,0,19,0,0,0,0
"362","Germany","Non-sentinel","2023-39",2023-09-25,23,0,23,0,0,0,0
"363","Germany","Non-sentinel","2023-40",2023-10-02,28,0,28,0,0,0,0
"364","Germany","Non-sentinel","2023-41",2023-10-09,25,2,23,0,2,0,0
"365","Germany","Non-sentinel","2023-42",2023-10-16,25,2,23,2,0,0,0
"366","Germany","Non-sentinel","2023-43",2023-10-23,27,1,26,1,0,0,0
"367","Germany","Non-sentinel","2023-44",2023-10-30,25,0,25,0,0,0,0
"368","Germany","Non-sentinel","2023-45",2023-11-06,43,7,36,6,1,0,0
"369","Germany","Non-sentinel","2023-46",2023-11-13,61,8,53,6,2,0,0
"370","Germany","Non-sentinel","2023-47",2023-11-20,39,3,36,3,0,0,0
"371","Germany","Non-sentinel","2023-48",2023-11-27,29,3,26,2,1,0,0
"372","Germany","Non-sentinel","2023-49",2023-12-04,51,7,44,7,0,0,0
"373","Germany","Non-sentinel","2023-50",2023-12-11,67,24,43,20,4,0,0
"374","Germany","Non-sentinel","2023-51",2023-12-18,53,9,44,9,0,0,0
"375","Germany","Non-sentinel","2023-52",2023-12-25,33,6,27,5,0,1,0
"376","Germany","Non-sentinel","2024-01",2024-01-01,33,4,29,3,1,0,0
"377","Germany","Non-sentinel","2024-02",2024-01-08,45,15,30,15,0,0,0
"378","Germany","Non-sentinel","2024-03",2024-01-15,80,38,42,33,3,2,0
"379","Germany","Non-sentinel","2024-04",2024-01-22,73,36,37,30,6,0,0
"380","Germany","Non-sentinel","2024-05",2024-01-29,83,38,45,36,0,2,0
"381","Germany","Non-sentinel","2024-06",2024-02-05,86,42,44,35,4,3,0
"382","Germany","Non-sentinel","2024-07",2024-02-12,45,17,28,13,2,2,0
"383","Germany","Non-sentinel","2024-08",2024-02-19,51,11,40,10,0,1,0
"384","Germany","Non-sentinel","2024-09",2024-02-26,65,9,56,8,0,1,0
"385","Germany","Non-sentinel","2024-10",2024-03-04,64,4,60,4,0,0,0
"386","Germany","Non-sentinel","2024-11",2024-03-11,46,3,43,1,0,2,0
"387","Germany","Non-sentinel","2024-12",2024-03-18,32,3,29,2,0,1,0
"388","Germany","Non-sentinel","2024-13",2024-03-25,34,3,31,3,0,0,0
"389","Germany","Non-sentinel","2024-14",2024-04-01,49,1,48,1,0,0,0
"390","Germany","Non-sentinel","2024-15",2024-04-08,44,1,43,1,0,0,0
"391","Germany","Non-sentinel","2024-16",2024-04-15,43,0,43,0,0,0,0
"392","Germany","Non-sentinel","2024-17",2024-04-22,49,1,48,1,0,0,0
"393","Germany","Non-sentinel","2024-18",2024-04-29,46,1,45,1,0,0,0
"394","Germany","Non-sentinel","2024-19",2024-05-06,38,1,37,1,0,0,0
"395","Germany","Non-sentinel","2024-20",2024-05-13,40,0,40,0,0,0,0
"396","Germany","Non-sentinel","2024-21",2024-05-20,34,0,34,0,0,0,0
"397","Germany","Sentinel","2016-40",2016-10-03,42,0,42,0,0,0,0
"398","Germany","Sentinel","2016-41",2016-10-10,75,0,75,0,0,0,0
"399","Germany","Sentinel","2016-42",2016-10-17,86,0,86,0,0,0,0
"400","Germany","Sentinel","2016-43",2016-10-24,84,1,83,0,1,0,0
"401","Germany","Sentinel","2016-44",2016-10-31,78,0,78,0,0,0,0
"402","Germany","Sentinel","2016-45",2016-11-07,113,2,111,0,2,0,0
"403","Germany","Sentinel","2016-46",2016-11-14,138,7,131,0,7,0,0
"404","Germany","Sentinel","2016-47",2016-11-21,132,8,124,0,5,2,1
"405","Germany","Sentinel","2016-48",2016-11-28,135,2,133,0,2,0,0
"406","Germany","Sentinel","2016-49",2016-12-05,161,12,149,0,12,0,0
"407","Germany","Sentinel","2016-50",2016-12-12,161,23,138,0,23,0,0
"408","Germany","Sentinel","2016-51",2016-12-19,131,38,93,0,38,0,0
"409","Germany","Sentinel","2016-52",2016-12-26,81,22,59,0,22,0,0
"410","Germany","Sentinel","2017-01",2017-01-02,170,54,116,1,53,0,0
"411","Germany","Sentinel","2017-02",2017-01-09,221,86,135,0,85,0,1
"412","Germany","Sentinel","2017-03",2017-01-16,275,143,132,2,141,0,0
"413","Germany","Sentinel","2017-04",2017-01-23,306,166,140,4,159,0,3
"414","Germany","Sentinel","2017-05",2017-01-30,328,194,134,0,190,1,3
"415","Germany","Sentinel","2017-06",2017-02-06,345,188,157,0,185,0,3
"416","Germany","Sentinel","2017-07",2017-02-13,322,170,152,1,157,3,9
"417","Germany","Sentinel","2017-08",2017-02-20,283,117,166,0,107,1,9
"418","Germany","Sentinel","2017-09",2017-02-27,194,62,132,1,60,0,1
"419","Germany","Sentinel","2017-10",2017-03-06,177,39,138,0,31,1,7
"420","Germany","Sentinel","2017-11",2017-03-13,143,27,116,0,11,3,13
"421","Germany","Sentinel","2017-12",2017-03-20,104,16,88,0,9,0,7
"422","Germany","Sentinel","2017-13",2017-03-27,79,6,73,0,1,1,4
"423","Germany","Sentinel","2017-14",2017-04-03,71,8,63,0,2,0,6
"424","Germany","Sentinel","2017-15",2017-04-10,42,1,41,0,1,0,0
"425","Germany","Sentinel","2017-16",2017-04-17,30,2,28,0,1,1,0
"426","Germany","Sentinel","2017-17",2017-04-24,55,1,54,0,0,0,1
"427","Germany","Sentinel","2017-18",2017-05-01,45,0,45,0,0,0,0
"428","Germany","Sentinel","2017-19",2017-05-08,49,3,46,0,0,0,3
"429","Germany","Sentinel","2017-20",2017-05-15,39,0,39,0,0,0,0
"430","Germany","Sentinel","2017-21",2017-05-22,44,0,44,0,0,0,0
"431","Germany","Sentinel","2017-22",2017-05-29,36,1,35,0,1,0,0
"432","Germany","Sentinel","2017-23",2017-06-05,17,0,17,0,0,0,0
"433","Germany","Sentinel","2017-24",2017-06-12,34,1,33,0,1,0,0
"434","Germany","Sentinel","2017-25",2017-06-19,37,0,37,0,0,0,0
"435","Germany","Sentinel","2017-26",2017-06-26,30,0,30,0,0,0,0
"436","Germany","Sentinel","2017-27",2017-07-03,29,0,29,0,0,0,0
"437","Germany","Sentinel","2017-28",2017-07-10,30,0,30,0,0,0,0
"438","Germany","Sentinel","2017-29",2017-07-17,30,0,30,0,0,0,0
"439","Germany","Sentinel","2017-30",2017-07-24,30,0,30,0,0,0,0
"440","Germany","Sentinel","2017-31",2017-07-31,23,1,22,0,1,0,0
"441","Germany","Sentinel","2017-32",2017-08-07,19,0,19,0,0,0,0
"442","Germany","Sentinel","2017-33",2017-08-14,26,0,26,0,0,0,0
"443","Germany","Sentinel","2017-34",2017-08-21,25,0,25,0,0,0,0
"444","Germany","Sentinel","2017-35",2017-08-28,39,0,39,0,0,0,0
"445","Germany","Sentinel","2017-36",2017-09-04,39,0,39,0,0,0,0
"446","Germany","Sentinel","2017-37",2017-09-11,47,0,47,0,0,0,0
"447","Germany","Sentinel","2017-38",2017-09-18,61,0,61,0,0,0,0
"448","Germany","Sentinel","2017-40",2017-10-02,59,3,56,0,0,0,3
"449","Germany","Sentinel","2017-41",2017-10-09,100,2,98,0,0,0,2
"450","Germany","Sentinel","2017-42",2017-10-16,91,2,89,1,0,0,1
"451","Germany","Sentinel","2017-43",2017-10-23,97,0,97,0,0,0,0
"452","Germany","Sentinel","2017-44",2017-10-30,67,1,66,0,0,0,1
"453","Germany","Sentinel","2017-45",2017-11-06,107,2,105,2,0,0,0
"454","Germany","Sentinel","2017-46",2017-11-13,113,2,111,2,0,0,0
"455","Germany","Sentinel","2017-47",2017-11-20,135,6,129,1,0,0,5
"456","Germany","Sentinel","2017-48",2017-11-27,141,7,134,2,3,0,2
"457","Germany","Sentinel","2017-49",2017-12-04,141,7,134,2,4,0,1
"458","Germany","Sentinel","2017-50",2017-12-11,128,11,117,5,1,0,5
"459","Germany","Sentinel","2017-51",2017-12-18,101,16,85,7,1,0,8
"460","Germany","Sentinel","2017-52",2017-12-25,50,17,33,5,0,0,12
"461","Germany","Sentinel","2018-01",2018-01-01,158,44,114,7,3,0,34
"462","Germany","Sentinel","2018-02",2018-01-08,198,59,139,20,2,1,36
"463","Germany","Sentinel","2018-03",2018-01-15,265,113,152,18,5,1,89
"464","Germany","Sentinel","2018-04",2018-01-22,308,161,147,31,5,5,120
"465","Germany","Sentinel","2018-05",2018-01-29,370,196,174,38,2,2,154
"466","Germany","Sentinel","2018-06",2018-02-05,358,171,187,28,7,0,136
"467","Germany","Sentinel","2018-07",2018-02-12,397,235,162,61,7,1,166
"468","Germany","Sentinel","2018-08",2018-02-19,396,240,156,52,7,2,179
"469","Germany","Sentinel","2018-09",2018-02-26,418,285,133,86,7,4,188
"470","Germany","Sentinel","2018-10",2018-03-05,389,259,130,84,7,0,168
"471","Germany","Sentinel","2018-11",2018-03-12,319,188,131,71,5,0,112
"472","Germany","Sentinel","2018-12",2018-03-19,207,100,107,46,7,1,46
"473","Germany","Sentinel","2018-13",2018-03-26,148,67,81,34,7,0,26
"474","Germany","Sentinel","2018-14",2018-04-02,91,30,61,15,4,0,11
"475","Germany","Sentinel","2018-15",2018-04-09,92,10,82,8,1,0,1
"476","Germany","Sentinel","2018-16",2018-04-16,73,5,68,3,1,0,1
"477","Germany","Sentinel","2018-17",2018-04-23,47,1,46,0,0,0,1
"478","Germany","Sentinel","2018-18",2018-04-30,36,2,34,0,2,0,0
"479","Germany","Sentinel","2018-19",2018-05-07,33,0,33,0,0,0,0
"480","Germany","Sentinel","2018-20",2018-05-14,21,0,21,0,0,0,0
"481","Germany","Sentinel","2018-21",2018-05-21,20,0,20,0,0,0,0
"482","Germany","Sentinel","2018-22",2018-05-28,17,0,17,0,0,0,0
"483","Germany","Sentinel","2018-23",2018-06-04,48,0,48,0,0,0,0
"484","Germany","Sentinel","2018-24",2018-06-11,36,0,36,0,0,0,0
"485","Germany","Sentinel","2018-25",2018-06-18,44,0,44,0,0,0,0
"486","Germany","Sentinel","2018-26",2018-06-25,36,0,36,0,0,0,0
"487","Germany","Sentinel","2018-27",2018-07-02,25,0,25,0,0,0,0
"488","Germany","Sentinel","2018-28",2018-07-09,21,0,21,0,0,0,0
"489","Germany","Sentinel","2018-29",2018-07-16,15,0,15,0,0,0,0
"490","Germany","Sentinel","2018-30",2018-07-23,19,0,19,0,0,0,0
"491","Germany","Sentinel","2018-31",2018-07-30,19,0,19,0,0,0,0
"492","Germany","Sentinel","2018-32",2018-08-06,18,0,18,0,0,0,0
"493","Germany","Sentinel","2018-33",2018-08-13,18,1,17,1,0,0,0
"494","Germany","Sentinel","2018-34",2018-08-20,23,0,23,0,0,0,0
"495","Germany","Sentinel","2018-35",2018-08-27,19,0,19,0,0,0,0
"496","Germany","Sentinel","2018-36",2018-09-03,21,0,21,0,0,0,0
"497","Germany","Sentinel","2018-37",2018-09-10,35,0,35,0,0,0,0
"498","Germany","Sentinel","2018-38",2018-09-17,34,0,34,0,0,0,0
"499","Germany","Sentinel","2018-40",2018-10-01,32,0,32,0,0,0,0
"500","Germany","Sentinel","2018-41",2018-10-08,41,0,41,0,0,0,0
"501","Germany","Sentinel","2018-42",2018-10-15,46,0,46,0,0,0,0
"502","Germany","Sentinel","2018-43",2018-10-22,68,0,68,0,0,0,0
"503","Germany","Sentinel","2018-44",2018-10-29,66,1,65,0,1,0,0
"504","Germany","Sentinel","2018-45",2018-11-05,96,2,94,0,2,0,0
"505","Germany","Sentinel","2018-46",2018-11-12,106,0,106,0,0,0,0
"506","Germany","Sentinel","2018-47",2018-11-19,120,3,117,2,1,0,0
"507","Germany","Sentinel","2018-48",2018-11-26,116,4,112,1,3,0,0
"508","Germany","Sentinel","2018-49",2018-12-03,117,4,113,4,0,0,0
"509","Germany","Sentinel","2018-50",2018-12-10,122,2,120,2,0,0,0
"510","Germany","Sentinel","2018-51",2018-12-17,95,4,91,1,3,0,0
"511","Germany","Sentinel","2018-52",2018-12-24,19,2,17,1,1,0,0
"512","Germany","Sentinel","2019-01",2018-12-31,79,9,70,5,4,0,0
"513","Germany","Sentinel","2019-02",2019-01-07,134,24,110,11,13,0,0
"514","Germany","Sentinel","2019-03",2019-01-14,156,29,127,16,13,0,0
"515","Germany","Sentinel","2019-04",2019-01-21,189,51,138,33,18,0,0
"516","Germany","Sentinel","2019-05",2019-01-28,228,112,116,73,39,0,0
"517","Germany","Sentinel","2019-06",2019-02-04,252,133,119,73,60,0,0
"518","Germany","Sentinel","2019-07",2019-02-11,246,125,121,70,55,0,0
"519","Germany","Sentinel","2019-08",2019-02-18,249,129,120,77,52,0,0
"520","Germany","Sentinel","2019-09",2019-02-25,245,129,116,62,67,0,0
"521","Germany","Sentinel","2019-10",2019-03-04,194,95,99,34,61,0,0
"522","Germany","Sentinel","2019-11",2019-03-11,179,79,100,29,50,0,0
"523","Germany","Sentinel","2019-12",2019-03-18,149,64,85,26,38,0,0
"524","Germany","Sentinel","2019-13",2019-03-25,114,36,78,9,27,0,0
"525","Germany","Sentinel","2019-14",2019-04-01,100,34,66,17,17,0,0
"526","Germany","Sentinel","2019-15",2019-04-08,92,15,77,6,9,0,0
"527","Germany","Sentinel","2019-16",2019-04-15,42,5,37,1,4,0,0
"528","Germany","Sentinel","2019-17",2019-04-22,22,1,21,0,1,0,0
"529","Germany","Sentinel","2019-18",2019-04-29,28,1,27,0,1,0,0
"530","Germany","Sentinel","2019-19",2019-05-06,29,0,29,0,0,0,0
"531","Germany","Sentinel","2019-20",2019-05-13,34,2,32,1,1,0,0
"532","Germany","Sentinel","2019-21",2019-05-20,22,1,21,0,1,0,0
"533","Germany","Sentinel","2019-22",2019-05-27,14,0,14,0,0,0,0
"534","Germany","Sentinel","2019-23",2019-06-03,28,0,28,0,0,0,0
"535","Germany","Sentinel","2019-24",2019-06-10,21,0,21,0,0,0,0
"536","Germany","Sentinel","2019-25",2019-06-17,26,0,26,0,0,0,0
"537","Germany","Sentinel","2019-26",2019-06-24,24,0,24,0,0,0,0
"538","Germany","Sentinel","2019-27",2019-07-01,29,0,29,0,0,0,0
"539","Germany","Sentinel","2019-28",2019-07-08,23,0,23,0,0,0,0
"540","Germany","Sentinel","2019-29",2019-07-15,22,0,22,0,0,0,0
"541","Germany","Sentinel","2019-30",2019-07-22,22,1,21,0,1,0,0
"542","Germany","Sentinel","2019-31",2019-07-29,10,1,9,0,1,0,0
"543","Germany","Sentinel","2019-32",2019-08-05,20,0,20,0,0,0,0
"544","Germany","Sentinel","2019-33",2019-08-12,19,0,19,0,0,0,0
"545","Germany","Sentinel","2019-34",2019-08-19,8,0,8,0,0,0,0
"546","Germany","Sentinel","2019-35",2019-08-26,15,0,15,0,0,0,0
"547","Germany","Sentinel","2019-36",2019-09-02,21,0,21,0,0,0,0
"548","Germany","Sentinel","2019-37",2019-09-09,29,0,29,0,0,0,0
"549","Germany","Sentinel","2019-38",2019-09-16,36,0,36,0,0,0,0
"550","Germany","Sentinel","2019-40",2019-09-30,37,1,36,0,1,0,0
"551","Germany","Sentinel","2019-41",2019-10-07,76,2,74,1,1,0,0
"552","Germany","Sentinel","2019-42",2019-10-14,58,3,55,2,1,0,0
"553","Germany","Sentinel","2019-43",2019-10-21,66,0,66,0,0,0,0
"554","Germany","Sentinel","2019-44",2019-10-28,63,0,63,0,0,0,0
"555","Germany","Sentinel","2019-45",2019-11-04,101,2,99,0,2,0,0
"556","Germany","Sentinel","2019-46",2019-11-11,90,1,89,1,0,0,0
"557","Germany","Sentinel","2019-47",2019-11-18,95,1,94,1,0,0,0
"558","Germany","Sentinel","2019-48",2019-11-25,103,4,99,3,1,0,0
"559","Germany","Sentinel","2019-49",2019-12-02,106,4,102,1,3,0,0
"560","Germany","Sentinel","2019-50",2019-12-09,99,9,90,6,2,1,0
"561","Germany","Sentinel","2019-51",2019-12-16,91,8,83,2,6,0,0
"562","Germany","Sentinel","2019-52",2019-12-23,23,3,20,3,0,0,0
"563","Germany","Sentinel","2020-01",2019-12-30,43,6,37,3,2,1,0
"564","Germany","Sentinel","2020-02",2020-01-06,114,32,82,21,8,3,0
"565","Germany","Sentinel","2020-03",2020-01-13,147,47,100,24,14,9,0
"566","Germany","Sentinel","2020-04",2020-01-20,187,77,110,35,35,7,0
"567","Germany","Sentinel","2020-05",2020-01-27,241,115,126,44,58,12,1
"568","Germany","Sentinel","2020-06",2020-02-03,219,93,126,32,51,10,0
"569","Germany","Sentinel","2020-07",2020-02-10,217,99,118,56,36,7,0
"570","Germany","Sentinel","2020-08",2020-02-17,191,80,111,33,34,13,0
"571","Germany","Sentinel","2020-09",2020-02-24,229,89,140,35,36,18,0
"572","Germany","Sentinel","2020-10",2020-03-02,265,111,154,36,54,21,0
"573","Germany","Sentinel","2020-11",2020-03-09,244,76,168,28,38,10,0
"574","Germany","Sentinel","2020-12",2020-03-16,207,40,167,4,26,10,0
"575","Germany","Sentinel","2020-13",2020-03-23,133,11,122,2,5,4,0
"576","Germany","Sentinel","2020-14",2020-03-30,101,1,100,1,0,0,0
"577","Germany","Sentinel","2020-15",2020-04-06,41,0,41,0,0,0,0
"578","Germany","Sentinel","2020-16",2020-04-13,35,0,35,0,0,0,0
"579","Germany","Sentinel","2020-17",2020-04-20,66,0,66,0,0,0,0
"580","Germany","Sentinel","2020-18",2020-04-27,50,0,50,0,0,0,0
"581","Germany","Sentinel","2020-19",2020-05-04,62,0,62,0,0,0,0
"582","Germany","Sentinel","2020-20",2020-05-11,57,0,57,0,0,0,0
"583","Germany","Sentinel","2020-21",2020-05-18,39,0,39,0,0,0,0
"584","Germany","Sentinel","2020-22",2020-05-25,56,0,56,0,0,0,0
"585","Germany","Sentinel","2020-23",2020-06-01,33,0,33,0,0,0,0
"586","Germany","Sentinel","2020-24",2020-06-08,39,0,39,0,0,0,0
"587","Germany","Sentinel","2020-25",2020-06-15,42,0,42,0,0,0,0
"588","Germany","Sentinel","2020-26",2020-06-22,44,0,44,0,0,0,0
"589","Germany","Sentinel","2020-27",2020-06-29,54,0,54,0,0,0,0
"590","Germany","Sentinel","2020-28",2020-07-06,44,0,44,0,0,0,0
"591","Germany","Sentinel","2020-29",2020-07-13,40,0,40,0,0,0,0
"592","Germany","Sentinel","2020-30",2020-07-20,47,0,47,0,0,0,0
"593","Germany","Sentinel","2020-31",2020-07-27,31,0,31,0,0,0,0
"594","Germany","Sentinel","2020-32",2020-08-03,30,0,30,0,0,0,0
"595","Germany","Sentinel","2020-33",2020-08-10,21,0,21,0,0,0,0
"596","Germany","Sentinel","2020-34",2020-08-17,38,0,38,0,0,0,0
"597","Germany","Sentinel","2020-35",2020-08-24,36,0,36,0,0,0,0
"598","Germany","Sentinel","2020-36",2020-08-31,51,0,51,0,0,0,0
"599","Germany","Sentinel","2020-37",2020-09-07,42,1,41,0,0,1,0
"600","Germany","Sentinel","2020-38",2020-09-14,44,1,43,0,1,0,0
"601","Germany","Sentinel","2020-39",2020-09-21,39,0,39,0,0,0,0
"602","Germany","Sentinel","2020-40",2020-09-28,56,0,56,0,0,0,0
"603","Germany","Sentinel","2020-41",2020-10-05,57,0,57,0,0,0,0
"604","Germany","Sentinel","2020-42",2020-10-12,33,0,33,0,0,0,0
"605","Germany","Sentinel","2020-43",2020-10-19,36,0,36,0,0,0,0
"606","Germany","Sentinel","2020-44",2020-10-26,53,0,53,0,0,0,0
"607","Germany","Sentinel","2020-45",2020-11-02,88,0,88,0,0,0,0
"608","Germany","Sentinel","2020-46",2020-11-09,86,0,86,0,0,0,0
"609","Germany","Sentinel","2020-47",2020-11-16,90,0,90,0,0,0,0
"610","Germany","Sentinel","2020-48",2020-11-23,94,0,94,0,0,0,0
"611","Germany","Sentinel","2020-49",2020-11-30,188,0,188,0,0,0,0
"612","Germany","Sentinel","2020-50",2020-12-07,247,0,247,0,0,0,0
"613","Germany","Sentinel","2020-51",2020-12-14,186,0,186,0,0,0,0
"614","Germany","Sentinel","2020-52",2020-12-21,71,0,71,0,0,0,0
"615","Germany","Sentinel","2020-53",2020-12-28,43,0,43,0,0,0,0
"616","Germany","Sentinel","2021-01",2021-01-04,142,0,142,0,0,0,0
"617","Germany","Sentinel","2021-02",2021-01-11,142,0,142,0,0,0,0
"618","Germany","Sentinel","2021-03",2021-01-18,165,0,165,0,0,0,0
"619","Germany","Sentinel","2021-04",2021-01-25,159,0,159,0,0,0,0
"620","Germany","Sentinel","2021-05",2021-02-01,160,0,160,0,0,0,0
"621","Germany","Sentinel","2021-06",2021-02-08,151,0,151,0,0,0,0
"622","Germany","Sentinel","2021-07",2021-02-15,167,0,167,0,0,0,0
"623","Germany","Sentinel","2021-08",2021-02-22,162,0,162,0,0,0,0
"624","Germany","Sentinel","2021-09",2021-03-01,215,0,215,0,0,0,0
"625","Germany","Sentinel","2021-10",2021-03-08,241,0,241,0,0,0,0
"626","Germany","Sentinel","2021-11",2021-03-15,261,0,261,0,0,0,0
"627","Germany","Sentinel","2021-12",2021-03-22,289,0,289,0,0,0,0
"628","Germany","Sentinel","2021-13",2021-03-29,144,0,144,0,0,0,0
"629","Germany","Sentinel","2021-14",2021-04-05,157,0,157,0,0,0,0
"630","Germany","Sentinel","2021-15",2021-04-12,149,0,149,0,0,0,0
"631","Germany","Sentinel","2021-16",2021-04-19,175,0,175,0,0,0,0
"632","Germany","Sentinel","2021-17",2021-04-26,146,0,146,0,0,0,0
"633","Germany","Sentinel","2021-18",2021-05-03,127,0,127,0,0,0,0
"634","Germany","Sentinel","2021-19",2021-05-10,84,0,84,0,0,0,0
"635","Germany","Sentinel","2021-20",2021-05-17,115,0,115,0,0,0,0
"636","Germany","Sentinel","2021-21",2021-05-24,94,0,94,0,0,0,0
"637","Germany","Sentinel","2021-22",2021-05-31,105,0,105,0,0,0,0
"638","Germany","Sentinel","2021-23",2021-06-07,101,0,101,0,0,0,0
"639","Germany","Sentinel","2021-24",2021-06-14,114,0,114,0,0,0,0
"640","Germany","Sentinel","2021-25",2021-06-21,110,0,110,0,0,0,0
"641","Germany","Sentinel","2021-26",2021-06-28,167,0,167,0,0,0,0
"642","Germany","Sentinel","2021-27",2021-07-05,149,0,149,0,0,0,0
"643","Germany","Sentinel","2021-28",2021-07-12,130,0,130,0,0,0,0
"644","Germany","Sentinel","2021-29",2021-07-19,97,0,97,0,0,0,0
"645","Germany","Sentinel","2021-30",2021-07-26,114,0,114,0,0,0,0
"646","Germany","Sentinel","2021-31",2021-08-02,84,0,84,0,0,0,0
"647","Germany","Sentinel","2021-32",2021-08-09,97,0,97,0,0,0,0
"648","Germany","Sentinel","2021-33",2021-08-16,112,0,112,0,0,0,0
"649","Germany","Sentinel","2021-34",2021-08-23,112,0,112,0,0,0,0
"650","Germany","Sentinel","2021-35",2021-08-30,135,0,135,0,0,0,0
"651","Germany","Sentinel","2021-36",2021-09-06,209,0,209,0,0,0,0
"652","Germany","Sentinel","2021-37",2021-09-13,194,1,193,0,1,0,0
"653","Germany","Sentinel","2021-38",2021-09-20,201,0,201,0,0,0,0
"654","Germany","Sentinel","2021-39",2021-09-27,152,0,152,0,0,0,0
"655","Germany","Sentinel","2021-40",2021-10-04,207,1,206,0,1,0,0
"656","Germany","Sentinel","2021-41",2021-10-11,191,1,190,0,1,0,0
"657","Germany","Sentinel","2021-42",2021-10-18,234,0,234,0,0,0,0
"658","Germany","Sentinel","2021-43",2021-10-25,221,0,221,0,0,0,0
"659","Germany","Sentinel","2021-44",2021-11-01,191,0,191,0,0,0,0
"660","Germany","Sentinel","2021-45",2021-11-08,273,1,272,0,1,0,0
"661","Germany","Sentinel","2021-46",2021-11-15,216,1,215,0,1,0,0
"662","Germany","Sentinel","2021-47",2021-11-22,234,1,233,0,1,0,0
"663","Germany","Sentinel","2021-48",2021-11-29,213,1,212,0,0,1,0
"664","Germany","Sentinel","2021-49",2021-12-06,202,0,202,0,0,0,0
"665","Germany","Sentinel","2021-50",2021-12-13,188,2,186,0,2,0,0
"666","Germany","Sentinel","2021-51",2021-12-20,80,3,77,0,3,0,0
"667","Germany","Sentinel","2021-52",2021-12-27,66,2,64,0,2,0,0
"668","Germany","Sentinel","2022-01",2022-01-03,128,6,122,0,6,0,0
"669","Germany","Sentinel","2022-02",2022-01-10,144,3,141,0,3,0,0
"670","Germany","Sentinel","2022-03",2022-01-17,132,2,130,0,2,0,0
"671","Germany","Sentinel","2022-04",2022-01-24,171,5,166,0,5,0,0
"672","Germany","Sentinel","2022-05",2022-01-31,156,8,148,0,8,0,0
"673","Germany","Sentinel","2022-06",2022-02-07,168,2,166,0,2,0,0
"674","Germany","Sentinel","2022-07",2022-02-14,159,5,154,0,4,1,0
"675","Germany","Sentinel","2022-08",2022-02-21,146,4,142,1,3,0,0
"676","Germany","Sentinel","2022-09",2022-02-28,99,2,97,0,2,0,0
"677","Germany","Sentinel","2022-10",2022-03-07,143,5,138,1,4,0,0
"678","Germany","Sentinel","2022-11",2022-03-14,134,9,125,3,6,0,0
"679","Germany","Sentinel","2022-12",2022-03-21,126,7,119,1,6,0,0
"680","Germany","Sentinel","2022-13",2022-03-28,150,12,138,1,11,0,0
"681","Germany","Sentinel","2022-14",2022-04-04,128,16,112,1,15,0,0
"682","Germany","Sentinel","2022-15",2022-04-11,83,6,77,1,5,0,0
"683","Germany","Sentinel","2022-16",2022-04-18,87,13,74,1,12,0,0
"684","Germany","Sentinel","2022-17",2022-04-25,140,29,111,0,29,0,0
"685","Germany","Sentinel","2022-18",2022-05-02,138,32,106,1,31,0,0
"686","Germany","Sentinel","2022-19",2022-05-09,140,23,117,2,21,0,0
"687","Germany","Sentinel","2022-20",2022-05-16,142,25,117,0,24,1,0
"688","Germany","Sentinel","2022-21",2022-05-23,92,12,80,0,12,0,0
"689","Germany","Sentinel","2022-22",2022-05-30,95,7,88,0,7,0,0
"690","Germany","Sentinel","2022-23",2022-06-06,80,7,73,0,7,0,0
"691","Germany","Sentinel","2022-24",2022-06-13,93,7,86,0,7,0,0
"692","Germany","Sentinel","2022-25",2022-06-20,93,7,86,0,7,0,0
"693","Germany","Sentinel","2022-26",2022-06-27,101,5,96,0,5,0,0
"694","Germany","Sentinel","2022-27",2022-07-04,103,4,99,0,4,0,0
"695","Germany","Sentinel","2022-28",2022-07-11,81,3,78,0,3,0,0
"696","Germany","Sentinel","2022-29",2022-07-18,71,1,70,0,1,0,0
"697","Germany","Sentinel","2022-30",2022-07-25,100,2,98,0,2,0,0
"698","Germany","Sentinel","2022-31",2022-08-01,67,0,67,0,0,0,0
"699","Germany","Sentinel","2022-32",2022-08-08,58,2,56,0,2,0,0
"700","Germany","Sentinel","2022-33",2022-08-15,58,2,56,0,2,0,0
"701","Germany","Sentinel","2022-34",2022-08-22,60,5,55,0,5,0,0
"702","Germany","Sentinel","2022-35",2022-08-29,64,4,60,1,3,0,0
"703","Germany","Sentinel","2022-36",2022-09-05,91,2,89,1,1,0,0
"704","Germany","Sentinel","2022-37",2022-09-12,94,4,90,3,1,0,0
"705","Germany","Sentinel","2022-38",2022-09-19,122,3,119,2,1,0,0
"706","Germany","Sentinel","2022-39",2022-09-26,101,6,95,1,5,0,0
"707","Germany","Sentinel","2022-40",2022-10-03,99,12,87,0,12,0,0
"708","Germany","Sentinel","2022-41",2022-10-10,133,16,117,0,16,0,0
"709","Germany","Sentinel","2022-42",2022-10-17,115,18,97,0,17,1,0
"710","Germany","Sentinel","2022-43",2022-10-24,125,27,98,1,25,1,0
"711","Germany","Sentinel","2022-44",2022-10-31,157,27,130,0,26,1,0
"712","Germany","Sentinel","2022-45",2022-11-07,234,69,165,4,64,1,0
"713","Germany","Sentinel","2022-46",2022-11-14,260,73,187,3,70,0,0
"714","Germany","Sentinel","2022-47",2022-11-21,323,115,208,2,113,0,0
"715","Germany","Sentinel","2022-48",2022-11-28,363,181,182,3,178,0,0
"716","Germany","Sentinel","2022-49",2022-12-05,350,201,149,2,199,0,0
"717","Germany","Sentinel","2022-50",2022-12-12,355,195,160,10,183,2,0
"718","Germany","Sentinel","2022-51",2022-12-19,202,109,93,4,105,0,0
"719","Germany","Sentinel","2022-52",2022-12-26,55,25,30,1,23,1,0
"720","Germany","Sentinel","2023-01",2023-01-02,134,26,108,8,17,1,0
"721","Germany","Sentinel","2023-02",2023-01-09,165,15,150,5,9,1,0
"722","Germany","Sentinel","2023-03",2023-01-16,166,15,151,4,4,7,0
"723","Germany","Sentinel","2023-04",2023-01-23,148,14,134,3,3,8,0
"724","Germany","Sentinel","2023-05",2023-01-30,165,24,141,6,3,15,0
"725","Germany","Sentinel","2023-06",2023-02-06,168,22,146,3,1,18,0
"726","Germany","Sentinel","2023-07",2023-02-13,167,30,137,4,1,25,0
"727","Germany","Sentinel","2023-08",2023-02-20,144,23,121,3,0,20,0
"728","Germany","Sentinel","2023-09",2023-02-27,170,28,142,3,0,25,0
"729","Germany","Sentinel","2023-10",2023-03-06,158,40,118,6,0,34,0
"730","Germany","Sentinel","2023-11",2023-03-13,160,44,116,4,0,40,0
"731","Germany","Sentinel","2023-12",2023-03-20,181,55,126,4,0,51,0
"732","Germany","Sentinel","2023-13",2023-03-27,139,21,118,0,0,21,0
"733","Germany","Sentinel","2023-14",2023-04-03,74,21,53,0,0,21,0
"734","Germany","Sentinel","2023-15",2023-04-10,65,7,58,1,0,6,0
"735","Germany","Sentinel","2023-16",2023-04-17,102,9,93,0,0,9,0
"736","Germany","Sentinel","2023-17",2023-04-24,108,16,92,3,0,13,0
"737","Germany","Sentinel","2023-18",2023-05-01,86,11,75,1,0,10,0
"738","Germany","Sentinel","2023-19",2023-05-08,84,6,78,0,0,6,0
"739","Germany","Sentinel","2023-20",2023-05-15,73,5,68,2,0,3,0
"740","Germany","Sentinel","2023-21",2023-05-22,76,1,75,0,0,1,0
"741","Germany","Sentinel","2023-22",2023-05-29,50,1,49,1,0,0,0
"742","Germany","Sentinel","2023-23",2023-06-05,46,1,45,0,0,1,0
"743","Germany","Sentinel","2023-24",2023-06-12,55,1,54,0,0,1,0
"744","Germany","Sentinel","2023-25",2023-06-19,56,0,56,0,0,0,0
"745","Germany","Sentinel","2023-26",2023-06-26,56,0,56,0,0,0,0
"746","Germany","Sentinel","2023-27",2023-07-03,66,0,66,0,0,0,0
"747","Germany","Sentinel","2023-28",2023-07-10,55,0,55,0,0,0,0
"748","Germany","Sentinel","2023-29",2023-07-17,52,0,52,0,0,0,0
"749","Germany","Sentinel","2023-30",2023-07-24,37,0,37,0,0,0,0
"750","Germany","Sentinel","2023-31",2023-07-31,31,0,31,0,0,0,0
"751","Germany","Sentinel","2023-32",2023-08-07,44,1,43,0,1,0,0
"752","Germany","Sentinel","2023-33",2023-08-14,59,2,57,1,1,0,0
"753","Germany","Sentinel","2023-34",2023-08-21,66,0,66,0,0,0,0
"754","Germany","Sentinel","2023-35",2023-08-28,101,0,101,0,0,0,0
"755","Germany","Sentinel","2023-36",2023-09-04,135,1,134,0,1,0,0
"756","Germany","Sentinel","2023-37",2023-09-11,150,1,149,0,1,0,0
"757","Germany","Sentinel","2023-38",2023-09-18,165,1,164,0,1,0,0
"758","Germany","Sentinel","2023-39",2023-09-25,159,0,159,0,0,0,0
"759","Germany","Sentinel","2023-40",2023-10-02,123,1,122,0,1,0,0
"760","Germany","Sentinel","2023-41",2023-10-09,178,2,176,0,2,0,0
"761","Germany","Sentinel","2023-42",2023-10-16,181,1,180,1,0,0,0
"762","Germany","Sentinel","2023-43",2023-10-23,197,1,196,0,0,1,0
"763","Germany","Sentinel","2023-44",2023-10-30,198,4,194,3,1,0,0
"764","Germany","Sentinel","2023-45",2023-11-06,264,2,262,2,0,0,0
"765","Germany","Sentinel","2023-46",2023-11-13,278,3,275,3,0,0,0
"766","Germany","Sentinel","2023-47",2023-11-20,297,5,292,4,0,1,0
"767","Germany","Sentinel","2023-48",2023-11-27,311,9,302,5,3,1,0
"768","Germany","Sentinel","2023-49",2023-12-04,323,20,303,17,2,1,0
"769","Germany","Sentinel","2023-50",2023-12-11,335,54,281,51,2,1,0
"770","Germany","Sentinel","2023-51",2023-12-18,257,52,205,47,0,5,0
"771","Germany","Sentinel","2023-52",2023-12-25,59,18,41,14,2,2,0
"772","Germany","Sentinel","2024-01",2024-01-01,157,35,122,34,1,0,0
"773","Germany","Sentinel","2024-02",2024-01-08,214,47,167,40,3,4,0
"774","Germany","Sentinel","2024-03",2024-01-15,321,150,171,138,8,4,0
"775","Germany","Sentinel","2024-04",2024-01-22,372,182,190,173,4,5,0
"776","Germany","Sentinel","2024-05",2024-01-29,344,191,153,181,3,7,0
"777","Germany","Sentinel","2024-06",2024-02-05,330,158,172,147,4,7,0
"778","Germany","Sentinel","2024-07",2024-02-12,260,111,149,97,6,8,0
"779","Germany","Sentinel","2024-08",2024-02-19,247,84,163,74,2,8,0
"780","Germany","Sentinel","2024-09",2024-02-26,232,60,172,43,3,14,0
"781","Germany","Sentinel","2024-10",2024-03-04,191,51,140,23,4,24,0
"782","Germany","Sentinel","2024-11",2024-03-11,199,29,170,10,1,18,0
"783","Germany","Sentinel","2024-12",2024-03-18,170,29,141,9,0,20,0
"784","Germany","Sentinel","2024-13",2024-03-25,90,14,76,2,0,12,0
"785","Germany","Sentinel","2024-14",2024-04-01,94,11,83,3,0,8,0
"786","Germany","Sentinel","2024-15",2024-04-08,111,7,104,0,1,6,0
"787","Germany","Sentinel","2024-16",2024-04-15,110,6,104,0,0,6,0
"788","Germany","Sentinel","2024-17",2024-04-22,129,6,123,1,0,5,0
"789","Germany","Sentinel","2024-18",2024-04-29,111,11,100,0,0,11,0
"790","Germany","Sentinel","2024-19",2024-05-06,79,3,76,0,0,3,0
"791","Germany","Sentinel","2024-20",2024-05-13,90,2,88,0,0,2,0
"792","Germany","Sentinel","2024-21",2024-05-20,69,2,67,1,0,1,0
