"","Country area or territory","Surveillance site type","Year-week (ISO 8601 calendar)","Week start date (ISO 8601 calendar)","Specimen tested","Influenza positive","Influenza negative","A (H1N1)pdm09","A (H3)","A not subtyped","B (Victoria)","B (Yamagata)","B (lineage not determined)"
"1","Norway","Non-sentinel","2013-40",2013-09-30,856,4,852,0,4,0,0,0,0
"2","Norway","Non-sentinel","2013-41",2013-10-07,923,7,916,0,3,2,0,0,2
"3","Norway","Non-sentinel","2013-42",2013-10-14,994,5,989,1,3,0,0,0,1
"4","Norway","Non-sentinel","2013-43",2013-10-21,1209,3,1206,0,0,2,0,0,1
"5","Norway","Non-sentinel","2013-44",2013-10-28,1074,6,1068,3,0,0,0,2,1
"6","Norway","Non-sentinel","2013-45",2013-11-04,1077,5,1072,0,0,2,0,1,2
"7","Norway","Non-sentinel","2013-46",2013-11-11,1199,6,1193,2,1,2,0,0,1
"8","Norway","Non-sentinel","2013-47",2013-11-18,1181,5,1176,1,1,2,0,1,0
"9","Norway","Non-sentinel","2013-48",2013-11-25,1228,14,1214,8,0,3,0,0,3
"10","Norway","Non-sentinel","2013-49",2013-12-02,1220,18,1202,8,4,1,1,1,3
"11","Norway","Non-sentinel","2013-50",2013-12-09,1207,10,1197,1,3,3,0,0,3
"12","Norway","Non-sentinel","2013-51",2013-12-16,1241,35,1206,15,5,6,0,6,3
"13","Norway","Non-sentinel","2013-52",2013-12-23,866,20,846,3,3,9,0,4,1
"14","Norway","Non-sentinel","2014-01",2013-12-30,1125,37,1088,17,6,5,0,5,4
"15","Norway","Non-sentinel","2014-02",2014-01-06,1621,62,1559,26,11,10,0,3,12
"16","Norway","Non-sentinel","2014-03",2014-01-13,1367,69,1298,42,14,5,0,4,4
"17","Norway","Non-sentinel","2014-04",2014-01-20,1468,119,1349,63,15,28,0,6,7
"18","Norway","Non-sentinel","2014-05",2014-01-27,1570,207,1363,101,13,75,0,6,12
"19","Norway","Non-sentinel","2014-06",2014-02-03,2027,304,1723,134,26,119,0,5,20
"20","Norway","Non-sentinel","2014-07",2014-02-10,2287,372,1915,191,22,146,0,3,10
"21","Norway","Non-sentinel","2014-08",2014-02-17,2400,372,2028,181,23,158,0,6,4
"22","Norway","Non-sentinel","2014-09",2014-02-24,2526,405,2121,199,20,164,0,6,16
"23","Norway","Non-sentinel","2014-10",2014-03-03,2346,398,1948,185,35,155,1,7,15
"24","Norway","Non-sentinel","2014-11",2014-03-10,2389,434,1955,170,23,215,0,10,16
"25","Norway","Non-sentinel","2014-12",2014-03-17,2270,343,1927,146,27,148,0,4,18
"26","Norway","Non-sentinel","2014-13",2014-03-24,2244,353,1891,118,36,177,0,4,18
"27","Norway","Non-sentinel","2014-14",2014-03-31,2204,385,1819,102,26,233,0,6,18
"28","Norway","Non-sentinel","2014-15",2014-04-07,2252,441,1811,107,31,262,0,12,29
"29","Norway","Non-sentinel","2014-16",2014-04-14,1224,209,1015,39,20,136,0,1,13
"30","Norway","Non-sentinel","2014-17",2014-04-21,1658,194,1464,40,32,104,0,7,11
"31","Norway","Non-sentinel","2014-18",2014-04-28,1407,125,1282,23,19,62,0,8,13
"32","Norway","Non-sentinel","2014-19",2014-05-05,1592,151,1441,12,32,84,0,6,17
"33","Norway","Non-sentinel","2014-40",2014-09-29,1204,3,1201,1,1,0,0,0,1
"34","Norway","Non-sentinel","2014-41",2014-10-06,1361,9,1352,2,1,4,0,0,2
"35","Norway","Non-sentinel","2014-42",2014-10-13,1458,1,1457,0,0,0,0,0,1
"36","Norway","Non-sentinel","2014-43",2014-10-20,1273,2,1271,0,1,0,0,1,0
"37","Norway","Non-sentinel","2014-44",2014-10-27,1508,3,1505,1,0,1,0,0,1
"38","Norway","Non-sentinel","2014-45",2014-11-03,1521,13,1508,8,4,0,0,0,1
"39","Norway","Non-sentinel","2014-46",2014-11-10,1562,16,1546,1,10,2,0,3,0
"40","Norway","Non-sentinel","2014-47",2014-11-17,1648,19,1629,2,1,7,0,7,2
"41","Norway","Non-sentinel","2014-48",2014-11-24,1869,42,1827,1,12,0,0,10,19
"42","Norway","Non-sentinel","2014-49",2014-12-01,2035,63,1972,0,18,23,0,9,13
"43","Norway","Non-sentinel","2014-50",2014-12-08,2064,75,1989,1,25,17,0,13,19
"44","Norway","Non-sentinel","2014-51",2014-12-15,2359,145,2214,3,27,71,0,19,25
"45","Norway","Non-sentinel","2014-52",2014-12-22,1523,142,1381,2,29,55,0,25,31
"46","Norway","Non-sentinel","2015-01",2014-12-29,1837,273,1564,2,56,119,0,15,81
"47","Norway","Non-sentinel","2015-02",2015-01-05,3587,526,3061,9,52,287,0,38,140
"48","Norway","Non-sentinel","2015-03",2015-01-12,3167,468,2699,7,64,246,0,47,104
"49","Norway","Non-sentinel","2015-04",2015-01-19,3101,660,2441,17,90,369,0,46,138
"50","Norway","Non-sentinel","2015-05",2015-01-26,3588,1013,2575,35,100,584,0,45,249
"51","Norway","Non-sentinel","2015-06",2015-02-02,3970,1309,2661,37,90,777,0,46,359
"52","Norway","Non-sentinel","2015-07",2015-02-09,4897,1835,3062,56,110,1085,0,58,526
"53","Norway","Non-sentinel","2015-08",2015-02-16,4552,1789,2763,71,105,984,0,54,575
"54","Norway","Non-sentinel","2015-09",2015-02-23,4892,1748,3144,53,91,904,0,66,634
"55","Norway","Non-sentinel","2015-10",2015-03-02,4176,1273,2903,52,79,600,0,51,491
"56","Norway","Non-sentinel","2015-11",2015-03-09,3895,1162,2733,31,63,567,2,37,462
"57","Norway","Non-sentinel","2015-12",2015-03-16,3391,913,2478,45,55,353,0,53,407
"58","Norway","Non-sentinel","2015-13",2015-03-23,3013,674,2339,16,47,195,0,35,381
"59","Norway","Non-sentinel","2015-14",2015-03-30,1815,395,1420,17,26,114,0,39,199
"60","Norway","Non-sentinel","2015-15",2015-04-06,2343,408,1935,15,33,107,0,51,202
"61","Norway","Non-sentinel","2015-16",2015-04-13,2288,315,1973,12,19,67,0,39,178
"62","Norway","Non-sentinel","2015-17",2015-04-20,1940,235,1705,11,18,34,1,45,126
"63","Norway","Non-sentinel","2015-18",2015-04-27,1587,176,1411,9,14,22,0,38,93
"64","Norway","Non-sentinel","2015-19",2015-05-04,1911,194,1717,8,15,31,4,47,89
"65","Norway","Non-sentinel","2015-20",2015-05-11,1580,108,1472,6,10,8,0,28,56
"66","Norway","Non-sentinel","2015-21",2015-05-18,1682,91,1591,5,8,7,0,38,33
"67","Norway","Non-sentinel","2015-22",2015-05-25,1400,65,1335,5,12,0,1,26,21
"68","Norway","Non-sentinel","2015-23",2015-06-01,1284,49,1235,3,4,15,0,16,11
"69","Norway","Non-sentinel","2015-24",2015-06-08,1047,32,1015,1,6,4,0,19,2
"70","Norway","Non-sentinel","2015-25",2015-06-15,916,24,892,4,2,6,0,11,1
"71","Norway","Non-sentinel","2015-26",2015-06-22,623,20,603,1,8,4,0,6,1
"72","Norway","Non-sentinel","2015-27",2015-06-29,605,15,590,1,8,0,0,5,1
"73","Norway","Non-sentinel","2015-28",2015-07-06,259,4,255,0,2,1,0,1,0
"74","Norway","Non-sentinel","2015-29",2015-07-13,83,4,79,0,2,1,0,0,1
"75","Norway","Non-sentinel","2015-30",2015-07-20,469,14,455,4,3,4,0,1,2
"76","Norway","Non-sentinel","2015-31",2015-07-27,363,6,357,0,1,4,0,0,1
"77","Norway","Non-sentinel","2015-32",2015-08-03,248,3,245,1,2,0,0,0,0
"78","Norway","Non-sentinel","2015-33",2015-08-10,94,3,91,1,2,0,0,0,0
"79","Norway","Non-sentinel","2015-34",2015-08-17,85,2,83,1,0,1,0,0,0
"80","Norway","Non-sentinel","2015-35",2015-08-24,200,5,195,2,0,3,0,0,0
"81","Norway","Non-sentinel","2015-36",2015-08-31,203,1,202,0,0,0,0,0,1
"82","Norway","Non-sentinel","2015-37",2015-09-07,137,1,136,0,1,0,0,0,0
"83","Norway","Non-sentinel","2015-38",2015-09-14,234,4,230,2,0,1,0,0,1
"84","Norway","Non-sentinel","2015-39",2015-09-21,242,2,240,1,0,1,0,0,0
"85","Norway","Non-sentinel","2015-40",2015-09-28,1125,5,1120,1,1,1,1,0,1
"86","Norway","Non-sentinel","2015-41",2015-10-05,1460,3,1457,0,0,3,0,0,0
"87","Norway","Non-sentinel","2015-42",2015-10-12,1546,3,1543,0,0,2,0,0,1
"88","Norway","Non-sentinel","2015-43",2015-10-19,1768,5,1763,3,1,0,1,0,0
"89","Norway","Non-sentinel","2015-44",2015-10-26,1639,14,1625,8,2,1,0,1,2
"90","Norway","Non-sentinel","2015-45",2015-11-02,1847,27,1820,17,4,3,0,0,3
"91","Norway","Non-sentinel","2015-46",2015-11-09,1912,39,1873,25,4,2,4,4,0
"92","Norway","Non-sentinel","2015-47",2015-11-16,2035,55,1980,24,2,17,3,3,6
"93","Norway","Non-sentinel","2015-48",2015-11-23,2034,73,1961,26,6,30,1,6,4
"94","Norway","Non-sentinel","2015-49",2015-11-30,2235,94,2141,59,5,12,3,6,9
"95","Norway","Non-sentinel","2015-50",2015-12-07,2461,129,2332,74,8,23,6,5,13
"96","Norway","Non-sentinel","2015-51",2015-12-14,2688,191,2497,117,5,40,3,5,21
"97","Norway","Non-sentinel","2015-52",2015-12-21,2216,235,1981,129,2,78,6,1,19
"98","Norway","Non-sentinel","2015-53",2015-12-28,2025,234,1791,120,3,89,10,4,8
"99","Norway","Non-sentinel","2016-01",2016-01-04,3609,356,3253,171,9,141,11,1,23
"100","Norway","Non-sentinel","2016-02",2016-01-11,3463,359,3104,192,4,140,8,1,14
"101","Norway","Non-sentinel","2016-03",2016-01-18,3227,534,2693,357,5,140,13,2,17
"102","Norway","Non-sentinel","2016-04",2016-01-25,4351,907,3444,462,8,370,19,4,44
"103","Norway","Non-sentinel","2016-05",2016-02-01,4837,1127,3710,525,6,478,25,4,89
"104","Norway","Non-sentinel","2016-06",2016-02-08,5158,1258,3900,563,11,492,32,8,152
"105","Norway","Non-sentinel","2016-07",2016-02-15,5563,1298,4265,591,11,453,38,12,193
"106","Norway","Non-sentinel","2016-08",2016-02-22,4939,1340,3599,550,12,437,36,8,297
"107","Norway","Non-sentinel","2016-09",2016-02-29,4864,1248,3616,487,14,356,44,9,338
"108","Norway","Non-sentinel","2016-10",2016-03-07,4421,1003,3418,420,10,249,37,12,275
"109","Norway","Non-sentinel","2016-11",2016-03-14,4017,968,3049,346,15,196,60,12,339
"110","Norway","Non-sentinel","2016-12",2016-03-21,2376,505,1871,120,9,69,37,9,261
"111","Norway","Non-sentinel","2016-13",2016-03-28,3094,534,2560,86,12,67,46,9,314
"112","Norway","Non-sentinel","2016-14",2016-04-04,3183,461,2722,73,15,18,45,10,300
"113","Norway","Non-sentinel","2016-15",2016-04-11,2837,370,2467,57,10,36,41,18,208
"114","Norway","Non-sentinel","2016-16",2016-04-18,2506,267,2239,22,4,24,34,14,169
"115","Norway","Non-sentinel","2016-17",2016-04-25,2573,227,2346,11,6,8,23,23,156
"116","Norway","Non-sentinel","2016-18",2016-05-02,2208,177,2031,10,2,11,22,18,114
"117","Norway","Non-sentinel","2016-19",2016-05-09,2036,162,1874,7,6,7,20,17,105
"118","Norway","Non-sentinel","2016-20",2016-05-16,1745,75,1670,1,5,8,14,13,34
"119","Norway","Non-sentinel","2016-21",2016-05-23,2085,103,1982,9,10,9,16,17,42
"120","Norway","Non-sentinel","2016-22",2016-05-30,1870,70,1800,4,8,9,12,5,32
"121","Norway","Non-sentinel","2016-23",2016-06-06,726,22,704,0,4,1,1,1,15
"122","Norway","Non-sentinel","2016-24",2016-06-13,793,24,769,1,7,2,6,3,5
"123","Norway","Non-sentinel","2016-25",2016-06-20,607,15,592,2,5,0,2,2,4
"124","Norway","Non-sentinel","2016-26",2016-06-27,212,6,206,0,1,0,1,1,3
"125","Norway","Non-sentinel","2016-27",2016-07-04,396,10,386,0,0,3,0,0,7
"126","Norway","Non-sentinel","2016-28",2016-07-11,410,8,402,1,2,1,2,0,2
"127","Norway","Non-sentinel","2016-29",2016-07-18,504,6,498,0,1,2,1,0,2
"128","Norway","Non-sentinel","2016-30",2016-07-25,218,2,216,1,1,0,0,0,0
"129","Norway","Non-sentinel","2016-31",2016-08-01,261,9,252,1,5,0,3,0,0
"130","Norway","Non-sentinel","2016-32",2016-08-08,315,8,307,1,6,1,0,0,0
"131","Norway","Non-sentinel","2016-33",2016-08-15,234,9,225,0,8,1,0,0,0
"132","Norway","Non-sentinel","2016-34",2016-08-22,657,12,645,0,8,0,1,0,3
"133","Norway","Non-sentinel","2016-35",2016-08-29,277,6,271,0,5,1,0,0,0
"134","Norway","Non-sentinel","2016-36",2016-09-05,348,5,343,0,4,0,0,0,1
"135","Norway","Non-sentinel","2016-37",2016-09-12,636,9,627,1,1,4,1,0,2
"136","Norway","Non-sentinel","2016-38",2016-09-19,644,7,637,0,0,5,0,0,2
"137","Norway","Non-sentinel","2016-39",2016-09-26,628,7,621,0,1,5,0,0,1
"138","Norway","Non-sentinel","2016-40",2016-10-03,2274,8,2266,0,2,5,0,0,1
"139","Norway","Non-sentinel","2016-41",2016-10-10,2418,9,2409,0,7,1,0,0,1
"140","Norway","Non-sentinel","2016-42",2016-10-17,2680,12,2668,0,2,9,0,0,1
"141","Norway","Non-sentinel","2016-43",2016-10-24,2698,37,2661,0,18,18,0,0,1
"142","Norway","Non-sentinel","2016-44",2016-10-31,2975,68,2907,3,28,35,1,0,1
"143","Norway","Non-sentinel","2016-45",2016-11-07,3054,92,2962,3,32,52,0,0,5
"144","Norway","Non-sentinel","2016-46",2016-11-14,3488,188,3300,2,53,126,0,1,6
"145","Norway","Non-sentinel","2016-47",2016-11-21,3706,300,3406,0,61,225,4,1,9
"146","Norway","Non-sentinel","2016-48",2016-11-28,4186,461,3725,2,74,361,2,7,15
"147","Norway","Non-sentinel","2016-49",2016-12-05,5198,950,4248,1,120,786,8,12,23
"148","Norway","Non-sentinel","2016-50",2016-12-12,6206,1417,4789,1,202,1169,8,17,20
"149","Norway","Non-sentinel","2016-51",2016-12-19,6738,1822,4916,0,249,1517,8,11,37
"150","Norway","Non-sentinel","2016-52",2016-12-26,5254,1454,3800,0,287,1119,8,14,26
"151","Norway","Non-sentinel","2017-01",2017-01-02,7982,1764,6218,0,268,1427,10,9,50
"152","Norway","Non-sentinel","2017-02",2017-01-09,7388,1264,6124,1,229,979,9,18,28
"153","Norway","Non-sentinel","2017-03",2017-01-16,6378,1040,5338,1,198,782,7,10,42
"154","Norway","Non-sentinel","2017-04",2017-01-23,6018,980,5038,3,156,765,7,14,35
"155","Norway","Non-sentinel","2017-05",2017-01-30,6042,886,5156,2,126,714,2,12,30
"156","Norway","Non-sentinel","2017-06",2017-02-06,5644,767,4877,1,115,597,10,11,33
"157","Norway","Non-sentinel","2017-07",2017-02-13,4904,699,4205,1,127,502,11,15,43
"158","Norway","Non-sentinel","2017-08",2017-02-20,5094,772,4322,3,115,576,7,19,52
"159","Norway","Non-sentinel","2017-09",2017-02-27,4491,598,3893,1,85,398,7,25,82
"160","Norway","Non-sentinel","2017-10",2017-03-06,4233,487,3746,2,98,269,7,26,85
"161","Norway","Non-sentinel","2017-11",2017-03-13,4020,462,3558,0,86,243,13,27,93
"162","Norway","Non-sentinel","2017-12",2017-03-20,3799,415,3384,3,64,159,10,39,140
"163","Norway","Non-sentinel","2017-13",2017-03-27,3753,399,3354,0,70,115,4,33,177
"164","Norway","Non-sentinel","2017-14",2017-04-03,3477,351,3126,3,47,70,11,48,172
"165","Norway","Non-sentinel","2017-15",2017-04-10,2017,197,1820,1,19,25,4,32,116
"166","Norway","Non-sentinel","2017-16",2017-04-17,2865,236,2629,3,17,28,6,30,152
"167","Norway","Non-sentinel","2017-17",2017-04-24,3090,221,2869,0,7,18,6,41,149
"168","Norway","Non-sentinel","2017-18",2017-05-01,2450,188,2262,1,11,7,5,38,126
"169","Norway","Non-sentinel","2017-19",2017-05-08,2888,299,2589,2,5,19,3,35,235
"170","Norway","Non-sentinel","2017-20",2017-05-15,2807,289,2518,1,6,8,4,41,229
"171","Norway","Non-sentinel","2017-21",2017-05-22,3039,280,2759,3,8,11,4,49,205
"172","Norway","Non-sentinel","2017-22",2017-05-29,3102,170,2932,0,7,3,1,39,120
"173","Norway","Non-sentinel","2017-23",2017-06-05,2052,82,1970,1,3,2,1,35,40
"174","Norway","Non-sentinel","2017-24",2017-06-12,2034,50,1984,1,2,2,2,18,25
"175","Norway","Non-sentinel","2017-25",2017-06-19,1526,44,1482,1,6,0,2,15,20
"176","Norway","Non-sentinel","2017-26",2017-06-26,1143,20,1123,0,1,6,0,8,5
"177","Norway","Non-sentinel","2017-27",2017-07-03,1097,23,1074,0,4,6,0,6,7
"178","Norway","Non-sentinel","2017-28",2017-07-10,1168,16,1152,0,7,4,0,1,4
"179","Norway","Non-sentinel","2017-29",2017-07-17,794,11,783,0,6,0,0,2,3
"180","Norway","Non-sentinel","2017-30",2017-07-24,514,8,506,0,5,1,0,2,0
"181","Norway","Non-sentinel","2017-31",2017-07-31,557,8,549,1,2,3,0,0,2
"182","Norway","Non-sentinel","2017-32",2017-08-07,591,10,581,2,7,0,0,0,1
"183","Norway","Non-sentinel","2017-33",2017-08-14,644,9,635,2,6,1,0,0,0
"184","Norway","Non-sentinel","2017-34",2017-08-21,994,11,983,2,4,0,2,0,3
"185","Norway","Non-sentinel","2017-35",2017-08-28,201,6,195,0,5,0,0,1,0
"186","Norway","Non-sentinel","2017-36",2017-09-04,585,9,576,0,2,2,0,1,4
"187","Norway","Non-sentinel","2017-37",2017-09-11,317,5,312,0,2,1,0,0,2
"188","Norway","Non-sentinel","2017-38",2017-09-18,281,1,280,0,0,1,0,0,0
"189","Norway","Non-sentinel","2017-39",2017-09-25,497,2,495,0,0,1,0,0,1
"190","Norway","Non-sentinel","2017-40",2017-10-02,2341,16,2325,2,5,3,0,2,4
"191","Norway","Non-sentinel","2017-41",2017-10-09,3000,18,2982,1,4,5,0,2,6
"192","Norway","Non-sentinel","2017-42",2017-10-16,3206,23,3183,5,9,2,0,2,5
"193","Norway","Non-sentinel","2017-43",2017-10-23,3772,35,3737,2,8,15,0,1,9
"194","Norway","Non-sentinel","2017-44",2017-10-30,4129,53,4076,2,18,19,0,8,6
"195","Norway","Non-sentinel","2017-45",2017-11-06,4375,65,4310,14,20,16,0,6,9
"196","Norway","Non-sentinel","2017-46",2017-11-13,4466,115,4351,8,40,30,0,12,25
"197","Norway","Non-sentinel","2017-47",2017-11-20,4530,101,4429,4,32,28,1,23,13
"198","Norway","Non-sentinel","2017-48",2017-11-27,4656,174,4482,6,47,42,1,40,38
"199","Norway","Non-sentinel","2017-49",2017-12-04,5219,285,4934,9,33,94,0,42,107
"200","Norway","Non-sentinel","2017-50",2017-12-11,5705,478,5227,11,53,156,2,55,201
"201","Norway","Non-sentinel","2017-51",2017-12-18,6342,945,5397,15,79,295,2,50,504
"202","Norway","Non-sentinel","2017-52",2017-12-25,4426,988,3438,22,45,279,0,42,600
"203","Norway","Non-sentinel","2018-01",2018-01-01,7893,1710,6183,46,109,382,1,89,1083
"204","Norway","Non-sentinel","2018-02",2018-01-08,8393,1745,6648,29,65,403,0,42,1206
"205","Norway","Non-sentinel","2018-03",2018-01-15,7865,1973,5892,30,94,402,2,59,1386
"206","Norway","Non-sentinel","2018-04",2018-01-22,8458,2461,5997,24,111,554,0,57,1715
"207","Norway","Non-sentinel","2018-05",2018-01-29,8979,3026,5953,29,115,708,0,60,2114
"208","Norway","Non-sentinel","2018-06",2018-02-05,8862,3032,5830,38,114,650,1,72,2157
"209","Norway","Non-sentinel","2018-07",2018-02-12,9068,3254,5814,51,131,789,0,44,2239
"210","Norway","Non-sentinel","2018-08",2018-02-19,8170,2765,5405,55,136,727,1,57,1789
"211","Norway","Non-sentinel","2018-09",2018-02-26,7663,2293,5370,71,97,663,0,59,1403
"212","Norway","Non-sentinel","2018-10",2018-03-05,7403,2109,5294,50,149,694,1,72,1143
"213","Norway","Non-sentinel","2018-11",2018-03-12,7068,1866,5202,43,109,737,0,51,926
"214","Norway","Non-sentinel","2018-12",2018-03-19,6556,1624,4932,47,125,685,0,39,728
"215","Norway","Non-sentinel","2018-13",2018-03-26,3601,772,2829,34,116,287,1,50,284
"216","Norway","Non-sentinel","2018-14",2018-04-02,4782,826,3956,35,92,435,1,42,221
"217","Norway","Non-sentinel","2018-15",2018-04-09,4793,654,4139,28,74,345,1,51,155
"218","Norway","Non-sentinel","2018-16",2018-04-16,4020,362,3658,36,48,185,0,33,60
"219","Norway","Non-sentinel","2018-17",2018-04-23,3808,260,3548,34,56,125,0,12,33
"220","Norway","Non-sentinel","2018-18",2018-04-30,3185,126,3059,15,37,44,0,13,17
"221","Norway","Non-sentinel","2018-19",2018-05-07,3041,64,2977,11,18,23,0,6,6
"222","Norway","Non-sentinel","2018-20",2018-05-14,3012,49,2963,13,6,16,0,3,11
"223","Norway","Non-sentinel","2018-21",2018-05-21,1376,16,1360,3,7,4,0,1,1
"224","Norway","Non-sentinel","2018-22",2018-05-28,1195,10,1185,0,4,5,0,1,0
"225","Norway","Non-sentinel","2018-23",2018-06-04,599,4,595,3,0,0,0,0,1
"226","Norway","Non-sentinel","2018-24",2018-06-11,436,6,430,0,2,3,0,0,1
"227","Norway","Non-sentinel","2018-25",2018-06-18,612,8,604,0,5,2,0,1,0
"228","Norway","Non-sentinel","2018-26",2018-06-25,850,9,841,2,3,3,0,1,0
"229","Norway","Non-sentinel","2018-27",2018-07-02,414,5,409,1,1,1,0,1,1
"230","Norway","Non-sentinel","2018-28",2018-07-09,166,2,164,0,1,0,0,1,0
"231","Norway","Non-sentinel","2018-29",2018-07-16,767,8,759,1,3,4,0,0,0
"232","Norway","Non-sentinel","2018-30",2018-07-23,357,7,350,4,2,0,1,0,0
"233","Norway","Non-sentinel","2018-31",2018-07-30,241,13,228,6,1,4,0,0,2
"234","Norway","Non-sentinel","2018-32",2018-08-06,573,11,562,3,0,8,0,0,0
"235","Norway","Non-sentinel","2018-33",2018-08-13,369,6,363,1,2,1,0,1,1
"236","Norway","Non-sentinel","2018-34",2018-08-20,234,4,230,2,0,1,1,0,0
"237","Norway","Non-sentinel","2018-35",2018-08-27,502,3,499,1,2,0,0,0,0
"238","Norway","Non-sentinel","2018-36",2018-09-03,588,3,585,0,2,0,0,0,1
"239","Norway","Non-sentinel","2018-37",2018-09-10,351,4,347,1,2,0,0,0,1
"240","Norway","Non-sentinel","2018-38",2018-09-17,298,6,292,0,5,1,0,0,0
"241","Norway","Non-sentinel","2018-39",2018-09-24,856,5,851,0,0,5,0,0,0
"242","Norway","Non-sentinel","2018-40",2018-10-01,3456,8,3448,0,4,0,0,1,3
"243","Norway","Non-sentinel","2018-41",2018-10-08,3457,17,3440,2,5,7,0,1,2
"244","Norway","Non-sentinel","2018-42",2018-10-15,3526,30,3496,6,10,8,0,2,4
"245","Norway","Non-sentinel","2018-43",2018-10-22,3694,27,3667,5,8,12,0,2,0
"246","Norway","Non-sentinel","2018-44",2018-10-29,3844,60,3784,28,11,19,0,0,2
"247","Norway","Non-sentinel","2018-45",2018-11-05,4128,79,4049,21,12,44,0,0,2
"248","Norway","Non-sentinel","2018-46",2018-11-12,4300,98,4202,38,19,39,0,0,2
"249","Norway","Non-sentinel","2018-47",2018-11-19,4532,86,4446,22,6,56,0,0,2
"250","Norway","Non-sentinel","2018-48",2018-11-26,4824,94,4730,37,9,48,0,0,0
"251","Norway","Non-sentinel","2018-49",2018-12-03,5003,169,4834,52,23,92,1,0,1
"252","Norway","Non-sentinel","2018-50",2018-12-10,5623,261,5362,54,20,185,0,0,2
"253","Norway","Non-sentinel","2018-51",2018-12-17,5785,404,5381,91,27,280,0,0,6
"254","Norway","Non-sentinel","2018-52",2018-12-24,3167,361,2806,83,18,258,1,1,0
"255","Norway","Non-sentinel","2019-01",2018-12-31,5068,601,4467,121,27,446,0,2,5
"256","Norway","Non-sentinel","2019-02",2019-01-07,7588,888,6700,171,37,671,0,1,8
"257","Norway","Non-sentinel","2019-03",2019-01-14,7071,966,6105,150,43,760,0,2,11
"258","Norway","Non-sentinel","2019-04",2019-01-21,7612,1396,6216,191,56,1136,1,2,10
"259","Norway","Non-sentinel","2019-05",2019-01-28,7876,1755,6121,202,49,1493,2,0,9
"260","Norway","Non-sentinel","2019-06",2019-02-04,8363,2093,6270,259,74,1752,1,1,6
"261","Norway","Non-sentinel","2019-07",2019-02-11,8859,2447,6412,261,88,2092,0,0,6
"262","Norway","Non-sentinel","2019-08",2019-02-18,8344,2202,6142,191,123,1885,1,0,2
"263","Norway","Non-sentinel","2019-09",2019-02-25,7353,1635,5718,182,125,1323,0,0,5
"264","Norway","Non-sentinel","2019-10",2019-03-04,6789,1123,5666,106,97,914,1,0,5
"265","Norway","Non-sentinel","2019-11",2019-03-11,6219,913,5306,92,91,724,1,0,5
"266","Norway","Non-sentinel","2019-12",2019-03-18,5922,876,5046,89,92,691,1,1,2
"267","Norway","Non-sentinel","2019-13",2019-03-25,5298,712,4586,81,86,540,0,1,4
"268","Norway","Non-sentinel","2019-14",2019-04-01,5039,513,4526,41,105,364,0,1,2
"269","Norway","Non-sentinel","2019-15",2019-04-08,4874,408,4466,32,115,256,2,0,3
"270","Norway","Non-sentinel","2019-16",2019-04-15,2548,224,2324,30,62,127,2,0,3
"271","Norway","Non-sentinel","2019-17",2019-04-22,3800,217,3583,18,69,123,4,1,2
"272","Norway","Non-sentinel","2019-18",2019-04-29,3610,145,3465,10,52,65,4,6,8
"273","Norway","Non-sentinel","2019-19",2019-05-06,3979,100,3879,6,30,59,2,0,3
"274","Norway","Non-sentinel","2019-20",2019-05-13,3503,97,3406,27,43,22,0,2,3
"275","Norway","Non-sentinel","2019-21",2019-05-20,2525,86,2439,8,51,25,1,1,0
"276","Norway","Non-sentinel","2019-22",2019-05-27,2221,44,2177,5,17,21,0,0,1
"277","Norway","Non-sentinel","2019-23",2019-06-03,1292,30,1262,2,20,5,1,1,1
"278","Norway","Non-sentinel","2019-24",2019-06-10,998,23,975,2,18,0,1,0,2
"279","Norway","Non-sentinel","2019-25",2019-06-17,1261,23,1238,6,13,3,0,0,1
"280","Norway","Non-sentinel","2019-26",2019-06-24,1243,21,1222,3,5,11,1,0,1
"281","Norway","Non-sentinel","2019-27",2019-07-01,1212,16,1196,0,11,4,0,0,1
"282","Norway","Non-sentinel","2019-28",2019-07-08,933,16,917,1,9,4,1,0,1
"283","Norway","Non-sentinel","2019-29",2019-07-15,492,8,484,2,5,1,0,0,0
"284","Norway","Non-sentinel","2019-30",2019-07-22,651,12,639,3,3,0,2,0,4
"285","Norway","Non-sentinel","2019-31",2019-07-29,895,17,878,0,14,0,3,0,0
"286","Norway","Non-sentinel","2019-32",2019-08-05,988,8,980,0,4,4,0,0,0
"287","Norway","Non-sentinel","2019-33",2019-08-12,450,11,439,5,5,0,1,0,0
"288","Norway","Non-sentinel","2019-34",2019-08-19,709,9,700,2,3,2,2,0,0
"289","Norway","Non-sentinel","2019-35",2019-08-26,507,13,494,7,5,0,1,0,0
"290","Norway","Non-sentinel","2019-36",2019-09-02,814,9,805,1,3,5,0,0,0
"291","Norway","Non-sentinel","2019-37",2019-09-09,1236,11,1225,2,2,5,0,0,2
"292","Norway","Non-sentinel","2019-38",2019-09-16,1207,13,1194,0,10,1,1,0,1
"293","Norway","Non-sentinel","2019-39",2019-09-23,464,4,460,0,1,1,0,0,2
"294","Norway","Non-sentinel","2019-40",2019-09-30,3670,26,3644,1,1,15,3,0,6
"295","Norway","Non-sentinel","2019-41",2019-10-07,3835,18,3817,0,5,10,1,0,2
"296","Norway","Non-sentinel","2019-42",2019-10-14,4150,41,4109,6,9,17,3,0,6
"297","Norway","Non-sentinel","2019-43",2019-10-21,4224,37,4187,2,13,14,4,1,3
"298","Norway","Non-sentinel","2019-44",2019-10-28,4241,48,4193,5,13,12,9,1,8
"299","Norway","Non-sentinel","2019-45",2019-11-04,4651,62,4589,5,18,29,5,0,5
"300","Norway","Non-sentinel","2019-46",2019-11-11,4749,95,4654,8,14,48,5,4,16
"301","Norway","Non-sentinel","2019-47",2019-11-18,4752,132,4620,11,43,45,10,8,15
"302","Norway","Non-sentinel","2019-48",2019-11-25,4939,194,4745,11,37,89,8,10,39
"303","Norway","Non-sentinel","2019-49",2019-12-02,5340,243,5097,8,41,112,20,6,56
"304","Norway","Non-sentinel","2019-50",2019-12-09,6206,410,5796,17,49,182,34,3,125
"305","Norway","Non-sentinel","2019-51",2019-12-16,6543,650,5893,24,61,368,40,2,155
"306","Norway","Non-sentinel","2019-52",2019-12-23,3458,463,2995,23,49,275,28,2,86
"307","Norway","Non-sentinel","2020-01",2019-12-30,5040,689,4351,30,85,390,36,3,145
"308","Norway","Not defined","2010-40",2010-10-04,135,2,133,0,1,1,0,0,0
"309","Norway","Not defined","2010-41",2010-10-11,131,1,130,0,0,0,0,0,1
"310","Norway","Not defined","2010-42",2010-10-18,149,1,148,1,0,0,0,0,0
"311","Norway","Not defined","2010-43",2010-10-25,196,2,194,1,1,0,0,0,0
"312","Norway","Not defined","2010-44",2010-11-01,230,2,228,0,0,0,0,1,1
"313","Norway","Not defined","2010-45",2010-11-08,199,0,199,0,0,0,0,0,0
"314","Norway","Not defined","2010-46",2010-11-15,200,1,199,0,0,0,0,0,1
"315","Norway","Not defined","2010-47",2010-11-22,258,10,248,3,0,0,6,0,1
"316","Norway","Not defined","2010-48",2010-11-29,358,21,337,3,0,0,10,0,8
"317","Norway","Not defined","2010-49",2010-12-06,358,33,325,7,2,0,18,0,6
"318","Norway","Not defined","2010-50",2010-12-13,492,110,382,16,2,2,37,0,53
"319","Norway","Not defined","2010-51",2010-12-20,572,173,399,27,3,2,30,0,111
"320","Norway","Not defined","2010-52",2010-12-27,628,214,414,22,3,12,19,0,158
"321","Norway","Not defined","2011-01",2011-01-03,1400,500,900,103,5,15,58,0,319
"322","Norway","Not defined","2011-02",2011-01-10,1613,508,1105,106,4,24,57,2,315
"323","Norway","Not defined","2011-03",2011-01-17,1809,620,1189,125,4,46,42,1,402
"324","Norway","Not defined","2011-04",2011-01-24,1793,565,1228,133,4,21,53,1,353
"325","Norway","Not defined","2011-05",2011-01-31,1448,465,983,120,5,21,34,0,285
"326","Norway","Not defined","2011-06",2011-02-07,1375,354,1021,93,2,12,33,0,214
"327","Norway","Not defined","2011-07",2011-02-14,1184,271,913,76,3,25,20,2,145
"328","Norway","Not defined","2011-08",2011-02-21,1206,217,989,59,8,16,28,2,104
"329","Norway","Not defined","2011-09",2011-02-28,977,161,816,61,7,10,18,3,62
"330","Norway","Not defined","2011-10",2011-03-07,959,109,850,30,4,15,7,2,51
"331","Norway","Not defined","2011-11",2011-03-14,848,67,781,14,6,11,9,0,27
"332","Norway","Not defined","2011-12",2011-03-21,648,38,610,14,4,4,5,1,10
"333","Norway","Not defined","2011-13",2011-03-28,575,41,534,9,2,11,7,3,9
"334","Norway","Not defined","2011-14",2011-04-04,600,37,563,12,3,8,2,2,10
"335","Norway","Not defined","2011-15",2011-04-11,469,13,456,1,1,2,1,0,8
"336","Norway","Not defined","2011-16",2011-04-18,271,2,269,0,1,0,0,0,1
"337","Norway","Not defined","2011-17",2011-04-25,400,5,395,2,1,0,0,0,2
"338","Norway","Not defined","2011-18",2011-05-02,336,2,334,0,0,1,1,0,0
"339","Norway","Not defined","2011-19",2011-05-09,285,2,283,0,1,0,0,0,1
"340","Norway","Not defined","2011-20",2011-05-16,252,0,252,0,0,0,0,0,0
"341","Norway","Not defined","2011-21",2011-05-23,0,0,0,0,0,0,0,0,0
"342","Norway","Not defined","2011-22",2011-05-30,0,0,0,0,0,0,0,0,0
"343","Norway","Not defined","2011-23",2011-06-06,1,1,0,0,1,0,0,0,0
"344","Norway","Not defined","2011-24",2011-06-13,0,0,0,0,0,0,0,0,0
"345","Norway","Not defined","2011-25",2011-06-20,0,0,0,0,0,0,0,0,0
"346","Norway","Not defined","2011-26",2011-06-27,0,0,0,0,0,0,0,0,0
"347","Norway","Not defined","2011-27",2011-07-04,0,0,0,0,0,0,0,0,0
"348","Norway","Not defined","2011-28",2011-07-11,0,0,0,0,0,0,0,0,0
"349","Norway","Not defined","2011-29",2011-07-18,1,1,0,0,1,0,0,0,0
"350","Norway","Not defined","2011-30",2011-07-25,1,1,0,0,1,0,0,0,0
"351","Norway","Not defined","2011-31",2011-08-01,1,1,0,0,1,0,0,0,0
"352","Norway","Not defined","2011-32",2011-08-08,0,0,0,0,0,0,0,0,0
"353","Norway","Not defined","2011-33",2011-08-15,1,1,0,0,0,0,1,0,0
"354","Norway","Not defined","2011-34",2011-08-22,1,0,1,0,0,0,0,0,0
"355","Norway","Not defined","2011-35",2011-08-29,3,0,3,0,0,0,0,0,0
"356","Norway","Not defined","2011-36",2011-09-05,0,0,0,0,0,0,0,0,0
"357","Norway","Not defined","2011-37",2011-09-12,0,0,0,0,0,0,0,0,0
"358","Norway","Not defined","2011-38",2011-09-19,1,0,1,0,0,0,0,0,0
"359","Norway","Not defined","2011-39",2011-09-26,1,0,1,0,0,0,0,0,0
"360","Norway","Not defined","2011-40",2011-10-03,208,1,207,0,1,0,0,0,0
"361","Norway","Not defined","2011-41",2011-10-10,422,2,420,0,1,0,1,0,0
"362","Norway","Not defined","2011-42",2011-10-17,527,1,526,0,1,0,0,0,0
"363","Norway","Not defined","2011-43",2011-10-24,618,3,615,0,2,0,0,0,1
"364","Norway","Not defined","2011-44",2011-10-31,705,4,701,0,3,0,0,0,1
"365","Norway","Not defined","2011-45",2011-11-07,677,3,674,0,1,0,0,0,2
"366","Norway","Not defined","2011-46",2011-11-14,689,7,682,0,7,0,0,0,0
"367","Norway","Not defined","2011-47",2011-11-21,677,3,674,0,3,0,0,0,0
"368","Norway","Not defined","2011-48",2011-11-28,754,18,736,0,15,2,0,0,1
"369","Norway","Not defined","2011-49",2011-12-05,683,22,661,0,13,8,1,0,0
"370","Norway","Not defined","2011-50",2011-12-12,648,23,625,1,14,6,2,0,0
"371","Norway","Not defined","2011-51",2011-12-19,850,57,793,0,25,32,0,0,0
"372","Norway","Not defined","2011-52",2011-12-26,708,69,639,1,41,27,0,0,0
"373","Norway","Not defined","2012-01",2012-01-02,1172,110,1062,1,51,57,0,0,1
"374","Norway","Not defined","2012-02",2012-01-09,1432,109,1323,1,53,54,1,0,0
"375","Norway","Not defined","2012-03",2012-01-16,1230,136,1094,6,50,79,1,0,0
"376","Norway","Not defined","2012-04",2012-01-23,1402,191,1211,5,46,133,0,0,7
"377","Norway","Not defined","2012-05",2012-01-30,1627,330,1297,3,66,253,0,0,8
"378","Norway","Not defined","2012-06",2012-02-06,1789,448,1341,2,57,389,0,0,0
"379","Norway","Not defined","2012-07",2012-02-13,2024,585,1439,4,62,511,3,3,2
"380","Norway","Not defined","2012-08",2012-02-20,2275,790,1485,5,57,713,0,2,13
"381","Norway","Not defined","2012-09",2012-02-27,2334,735,1599,4,52,673,0,0,6
"382","Norway","Not defined","2012-10",2012-03-05,1714,520,1194,4,46,465,1,0,4
"383","Norway","Not defined","2012-11",2012-03-12,2045,513,1532,1,36,464,0,3,9
"384","Norway","Not defined","2012-12",2012-03-19,1891,406,1485,3,33,354,1,3,12
"385","Norway","Not defined","2012-13",2012-03-26,1435,306,1129,4,28,255,0,3,16
"386","Norway","Not defined","2012-14",2012-04-02,914,148,766,3,11,127,1,1,5
"387","Norway","Not defined","2012-15",2012-04-09,979,129,850,3,19,100,1,1,5
"388","Norway","Not defined","2012-16",2012-04-16,874,75,799,0,22,43,0,0,10
"389","Norway","Not defined","2012-17",2012-04-23,858,53,805,0,13,35,0,4,1
"390","Norway","Not defined","2012-18",2012-04-30,760,53,707,0,7,34,0,0,12
"391","Norway","Not defined","2012-19",2012-05-07,802,25,777,0,1,18,1,2,3
"392","Norway","Not defined","2012-20",2012-05-14,632,26,606,0,2,12,0,0,12
"393","Norway","Not defined","2012-21",2012-05-21,309,5,304,0,0,2,0,0,3
"394","Norway","Not defined","2012-22",2012-05-28,306,7,299,0,0,3,0,0,4
"395","Norway","Not defined","2012-23",2012-06-04,191,3,188,0,1,0,0,0,2
"396","Norway","Not defined","2012-24",2012-06-11,34,3,31,0,2,0,1,0,0
"397","Norway","Not defined","2012-25",2012-06-18,111,3,108,0,1,1,0,1,0
"398","Norway","Not defined","2012-26",2012-06-25,1,0,1,0,0,0,0,0,0
"399","Norway","Not defined","2012-27",2012-07-02,1,1,0,0,1,0,0,0,0
"400","Norway","Not defined","2012-28",2012-07-09,0,0,0,0,0,0,0,0,0
"401","Norway","Not defined","2012-29",2012-07-16,0,0,0,0,0,0,0,0,0
"402","Norway","Not defined","2012-30",2012-07-23,2,1,1,0,1,0,0,0,0
"403","Norway","Not defined","2012-31",2012-07-30,0,0,0,0,0,0,0,0,0
"404","Norway","Not defined","2012-32",2012-08-06,2,1,1,0,1,0,0,0,0
"405","Norway","Not defined","2012-33",2012-08-13,69,1,68,0,1,0,0,0,0
"406","Norway","Not defined","2012-34",2012-08-20,41,1,40,0,1,0,0,0,0
"407","Norway","Not defined","2012-35",2012-08-27,0,0,0,0,0,0,0,0,0
"408","Norway","Not defined","2012-36",2012-09-03,2,0,2,0,0,0,0,0,0
"409","Norway","Not defined","2012-37",2012-09-10,1,1,0,0,0,0,0,1,0
"410","Norway","Not defined","2012-38",2012-09-17,3,3,0,0,1,0,0,2,0
"411","Norway","Not defined","2012-39",2012-09-24,0,0,0,0,0,0,0,0,0
"412","Norway","Not defined","2012-40",2012-10-01,421,3,418,1,1,1,0,0,0
"413","Norway","Not defined","2012-41",2012-10-08,615,7,608,0,1,2,1,3,0
"414","Norway","Not defined","2012-42",2012-10-15,663,12,651,2,5,3,0,0,2
"415","Norway","Not defined","2012-43",2012-10-22,747,19,728,6,8,1,0,1,3
"416","Norway","Not defined","2012-44",2012-10-29,885,29,856,10,3,9,0,6,1
"417","Norway","Not defined","2012-45",2012-11-05,995,40,955,13,4,5,0,12,6
"418","Norway","Not defined","2012-46",2012-11-12,1010,42,968,10,2,7,0,11,12
"419","Norway","Not defined","2012-47",2012-11-19,1144,53,1091,8,6,5,0,19,15
"420","Norway","Not defined","2012-48",2012-11-26,1106,60,1046,14,6,13,1,13,13
"421","Norway","Not defined","2012-49",2012-12-03,1174,87,1087,26,15,10,3,18,15
"422","Norway","Not defined","2012-50",2012-12-10,1583,262,1321,69,16,89,0,32,56
"423","Norway","Not defined","2012-51",2012-12-17,1724,469,1255,97,11,246,0,24,91
"424","Norway","Not defined","2012-52",2012-12-24,1460,420,1040,121,14,191,1,17,76
"425","Norway","Not defined","2013-01",2012-12-31,3976,1360,2616,474,31,586,2,49,218
"426","Norway","Not defined","2013-02",2013-01-07,5551,1486,4065,718,29,484,4,42,209
"427","Norway","Not defined","2013-03",2013-01-14,3758,977,2781,442,24,345,2,48,116
"428","Norway","Not defined","2013-04",2013-01-21,3546,1028,2518,458,21,332,3,43,171
"429","Norway","Not defined","2013-05",2013-01-28,3330,1025,2305,474,32,257,3,46,213
"430","Norway","Not defined","2013-06",2013-02-04,2748,982,1766,343,11,278,3,43,304
"431","Norway","Not defined","2013-07",2013-02-11,2949,906,2043,241,27,223,0,51,364
"432","Norway","Not defined","2013-08",2013-02-18,2710,803,1907,180,24,169,2,36,392
"433","Norway","Not defined","2013-09",2013-02-25,2610,688,1922,109,31,158,3,50,337
"434","Norway","Not defined","2013-10",2013-03-04,2286,563,1723,77,26,116,1,50,293
"435","Norway","Not defined","2013-11",2013-03-11,2165,532,1633,59,18,106,0,38,311
"436","Norway","Not defined","2013-12",2013-03-18,2181,497,1684,43,15,77,1,31,330
"437","Norway","Not defined","2013-13",2013-03-25,1289,259,1030,19,11,45,1,31,152
"438","Norway","Not defined","2013-14",2013-04-01,1531,265,1266,19,10,54,0,34,148
"439","Norway","Not defined","2013-15",2013-04-08,1636,232,1404,14,13,39,0,38,128
"440","Norway","Not defined","2013-16",2013-04-15,1342,174,1168,16,8,30,2,31,87
"441","Norway","Not defined","2013-17",2013-04-22,1358,111,1247,4,4,18,2,22,61
"442","Norway","Not defined","2013-18",2013-04-29,1160,62,1098,3,2,9,1,13,34
"443","Norway","Not defined","2013-19",2013-05-06,1057,53,1004,5,6,10,0,15,17
"444","Norway","Not defined","2013-20",2013-05-13,797,20,777,1,1,5,0,4,9
"445","Norway","Not defined","2013-21",2013-05-20,422,10,412,0,0,1,0,5,4
"446","Norway","Not defined","2013-22",2013-05-27,186,5,181,0,1,0,0,2,2
"447","Norway","Not defined","2013-23",2013-06-03,264,5,259,1,0,1,0,1,2
"448","Norway","Not defined","2013-24",2013-06-10,95,2,93,0,0,1,0,0,1
"449","Norway","Not defined","2013-25",2013-06-17,188,2,186,0,0,0,1,0,1
"450","Norway","Not defined","2013-26",2013-06-24,0,0,0,0,0,0,0,0,0
"451","Norway","Not defined","2013-27",2013-07-01,2,0,2,0,0,0,0,0,0
"452","Norway","Not defined","2013-28",2013-07-08,3,0,3,0,0,0,0,0,0
"453","Norway","Not defined","2013-29",2013-07-15,77,2,75,1,0,0,1,0,0
"454","Norway","Not defined","2013-30",2013-07-22,208,4,204,3,0,0,0,0,1
"455","Norway","Not defined","2013-31",2013-07-29,1,1,0,0,1,0,0,0,0
"456","Norway","Not defined","2013-32",2013-08-05,71,3,68,0,1,0,2,0,0
"457","Norway","Not defined","2013-33",2013-08-12,89,1,88,0,0,0,0,0,1
"458","Norway","Not defined","2013-34",2013-08-19,0,0,0,0,0,0,0,0,0
"459","Norway","Not defined","2013-35",2013-08-26,0,0,0,0,0,0,0,0,0
"460","Norway","Not defined","2013-36",2013-09-02,4,4,0,3,0,1,0,0,0
"461","Norway","Not defined","2013-37",2013-09-09,0,0,0,0,0,0,0,0,0
"462","Norway","Not defined","2013-38",2013-09-16,85,1,84,1,0,0,0,0,0
"463","Norway","Not defined","2013-39",2013-09-23,95,1,94,1,0,0,0,0,0
"464","Norway","Not defined","2014-20",2014-05-12,1569,145,1424,17,32,77,0,4,15
"465","Norway","Not defined","2014-21",2014-05-19,1250,124,1126,2,22,83,0,3,14
"466","Norway","Not defined","2014-22",2014-05-26,1002,44,958,4,6,31,0,1,2
"467","Norway","Not defined","2014-23",2014-06-02,691,32,659,1,3,17,0,0,11
"468","Norway","Not defined","2014-24",2014-06-09,521,19,502,0,4,11,0,0,4
"469","Norway","Not defined","2014-25",2014-06-16,334,9,325,0,3,4,0,1,1
"470","Norway","Not defined","2014-26",2014-06-23,272,7,265,0,2,5,0,0,0
"471","Norway","Not defined","2014-27",2014-06-30,376,5,371,0,2,0,0,0,3
"472","Norway","Not defined","2014-28",2014-07-07,219,2,217,0,0,1,0,1,0
"473","Norway","Not defined","2014-29",2014-07-14,49,3,46,0,0,1,0,2,0
"474","Norway","Not defined","2014-30",2014-07-21,129,3,126,0,0,1,1,1,0
"475","Norway","Not defined","2014-31",2014-07-28,16,3,13,0,2,0,0,0,1
"476","Norway","Not defined","2014-32",2014-08-04,148,2,146,0,2,0,0,0,0
"477","Norway","Not defined","2014-33",2014-08-11,200,4,196,0,3,0,0,0,1
"478","Norway","Not defined","2014-34",2014-08-18,189,8,181,1,5,1,0,0,1
"479","Norway","Not defined","2014-35",2014-08-25,31,2,29,1,1,0,0,0,0
"480","Norway","Not defined","2014-36",2014-09-01,47,4,43,0,4,0,0,0,0
"481","Norway","Not defined","2014-37",2014-09-08,446,7,439,2,2,3,0,0,0
"482","Norway","Not defined","2014-38",2014-09-15,458,5,453,1,2,0,0,0,2
"483","Norway","Not defined","2014-39",2014-09-22,337,2,335,2,0,0,0,0,0
"484","Norway","Sentinel","2013-40",2013-09-30,1,0,1,0,0,0,0,0,0
"485","Norway","Sentinel","2013-41",2013-10-07,2,0,2,0,0,0,0,0,0
"486","Norway","Sentinel","2013-42",2013-10-14,1,0,1,0,0,0,0,0,0
"487","Norway","Sentinel","2013-43",2013-10-21,3,0,3,0,0,0,0,0,0
"488","Norway","Sentinel","2013-44",2013-10-28,5,0,5,0,0,0,0,0,0
"489","Norway","Sentinel","2013-45",2013-11-04,13,2,11,0,2,0,0,0,0
"490","Norway","Sentinel","2013-46",2013-11-11,7,0,7,0,0,0,0,0,0
"491","Norway","Sentinel","2013-47",2013-11-18,8,0,8,0,0,0,0,0,0
"492","Norway","Sentinel","2013-48",2013-11-25,9,1,8,1,0,0,0,0,0
"493","Norway","Sentinel","2013-49",2013-12-02,4,0,4,0,0,0,0,0,0
"494","Norway","Sentinel","2013-50",2013-12-09,7,0,7,0,0,0,0,0,0
"495","Norway","Sentinel","2013-51",2013-12-16,2,0,2,0,0,0,0,0,0
"496","Norway","Sentinel","2013-52",2013-12-23,5,3,2,0,2,0,0,1,0
"497","Norway","Sentinel","2014-01",2013-12-30,4,0,4,0,0,0,0,0,0
"498","Norway","Sentinel","2014-02",2014-01-06,9,3,6,1,2,0,0,0,0
"499","Norway","Sentinel","2014-03",2014-01-13,16,4,12,2,1,0,0,1,0
"500","Norway","Sentinel","2014-04",2014-01-20,17,4,13,3,0,0,0,0,1
"501","Norway","Sentinel","2014-05",2014-01-27,15,3,12,2,1,0,0,0,0
"502","Norway","Sentinel","2014-06",2014-02-03,15,3,12,2,1,0,0,0,0
"503","Norway","Sentinel","2014-07",2014-02-10,15,7,8,5,2,0,0,0,0
"504","Norway","Sentinel","2014-08",2014-02-17,14,10,4,6,3,1,0,0,0
"505","Norway","Sentinel","2014-09",2014-02-24,17,5,12,5,0,0,0,0,0
"506","Norway","Sentinel","2014-10",2014-03-03,9,5,4,5,0,0,0,0,0
"507","Norway","Sentinel","2014-11",2014-03-10,14,9,5,4,4,0,0,1,0
"508","Norway","Sentinel","2014-12",2014-03-17,13,3,10,0,2,0,0,1,0
"509","Norway","Sentinel","2014-13",2014-03-24,4,2,2,2,0,0,0,0,0
"510","Norway","Sentinel","2014-14",2014-03-31,7,2,5,0,2,0,0,0,0
"511","Norway","Sentinel","2014-15",2014-04-07,7,3,4,0,2,0,0,1,0
"512","Norway","Sentinel","2014-16",2014-04-14,0,0,0,0,0,0,0,0,0
"513","Norway","Sentinel","2014-17",2014-04-21,3,2,1,0,0,1,0,1,0
"514","Norway","Sentinel","2014-18",2014-04-28,2,0,2,0,0,0,0,0,0
"515","Norway","Sentinel","2014-19",2014-05-05,1,0,1,0,0,0,0,0,0
"516","Norway","Sentinel","2014-40",2014-09-29,3,0,3,0,0,0,0,0,0
"517","Norway","Sentinel","2014-41",2014-10-06,3,0,3,0,0,0,0,0,0
"518","Norway","Sentinel","2014-42",2014-10-13,0,0,0,0,0,0,0,0,0
"519","Norway","Sentinel","2014-43",2014-10-20,3,0,3,0,0,0,0,0,0
"520","Norway","Sentinel","2014-44",2014-10-27,3,0,3,0,0,0,0,0,0
"521","Norway","Sentinel","2014-45",2014-11-03,6,0,6,0,0,0,0,0,0
"522","Norway","Sentinel","2014-46",2014-11-10,4,2,2,0,2,0,0,0,0
"523","Norway","Sentinel","2014-47",2014-11-17,3,0,3,0,0,0,0,0,0
"524","Norway","Sentinel","2014-48",2014-11-24,6,0,6,0,0,0,0,0,0
"525","Norway","Sentinel","2014-49",2014-12-01,5,0,5,0,0,0,0,0,0
"526","Norway","Sentinel","2014-50",2014-12-08,4,0,4,0,0,0,0,0,0
"527","Norway","Sentinel","2014-51",2014-12-15,3,1,2,0,0,0,0,1,0
"528","Norway","Sentinel","2014-52",2014-12-22,1,0,1,0,0,0,0,0,0
"529","Norway","Sentinel","2015-01",2014-12-29,14,9,5,0,6,0,0,3,0
"530","Norway","Sentinel","2015-02",2015-01-05,28,13,15,0,8,0,0,5,0
"531","Norway","Sentinel","2015-03",2015-01-12,19,13,6,2,9,0,0,2,0
"532","Norway","Sentinel","2015-04",2015-01-19,13,8,5,0,6,0,0,1,1
"533","Norway","Sentinel","2015-05",2015-01-26,20,14,6,0,9,0,0,5,0
"534","Norway","Sentinel","2015-06",2015-02-02,12,8,4,0,3,0,0,5,0
"535","Norway","Sentinel","2015-07",2015-02-09,26,20,6,1,13,0,0,6,0
"536","Norway","Sentinel","2015-08",2015-02-16,15,14,1,1,11,0,0,2,0
"537","Norway","Sentinel","2015-09",2015-02-23,14,10,4,1,3,0,0,6,0
"538","Norway","Sentinel","2015-10",2015-03-02,9,4,5,2,1,0,0,1,0
"539","Norway","Sentinel","2015-11",2015-03-09,9,7,2,2,3,1,0,1,0
"540","Norway","Sentinel","2015-12",2015-03-16,7,2,5,0,0,0,0,2,0
"541","Norway","Sentinel","2015-13",2015-03-23,6,5,1,0,3,0,0,1,1
"542","Norway","Sentinel","2015-14",2015-03-30,2,1,1,0,0,0,0,1,0
"543","Norway","Sentinel","2015-15",2015-04-06,8,4,4,1,1,0,0,2,0
"544","Norway","Sentinel","2015-16",2015-04-13,0,0,0,0,0,0,0,0,0
"545","Norway","Sentinel","2015-17",2015-04-20,0,0,0,0,0,0,0,0,0
"546","Norway","Sentinel","2015-18",2015-04-27,4,1,3,0,0,0,0,1,0
"547","Norway","Sentinel","2015-19",2015-05-04,1,1,0,0,0,0,0,1,0
"548","Norway","Sentinel","2015-20",2015-05-11,1,0,1,0,0,0,0,0,0
"549","Norway","Sentinel","2015-21",2015-05-18,0,0,0,0,0,0,0,0,0
"550","Norway","Sentinel","2015-22",2015-05-25,1,0,1,0,0,0,0,0,0
"551","Norway","Sentinel","2015-23",2015-06-01,2,2,0,0,0,0,0,2,0
"552","Norway","Sentinel","2015-24",2015-06-08,0,0,0,0,0,0,0,0,0
"553","Norway","Sentinel","2015-25",2015-06-15,1,1,0,0,0,0,0,1,0
"554","Norway","Sentinel","2015-26",2015-06-22,0,0,0,0,0,0,0,0,0
"555","Norway","Sentinel","2015-27",2015-06-29,0,0,0,0,0,0,0,0,0
"556","Norway","Sentinel","2015-28",2015-07-06,2,0,2,0,0,0,0,0,0
"557","Norway","Sentinel","2015-29",2015-07-13,0,0,0,0,0,0,0,0,0
"558","Norway","Sentinel","2015-30",2015-07-20,3,0,3,0,0,0,0,0,0
"559","Norway","Sentinel","2015-31",2015-07-27,0,0,0,0,0,0,0,0,0
"560","Norway","Sentinel","2015-32",2015-08-03,0,0,0,0,0,0,0,0,0
"561","Norway","Sentinel","2015-33",2015-08-10,1,0,1,0,0,0,0,0,0
"562","Norway","Sentinel","2015-34",2015-08-17,1,0,1,0,0,0,0,0,0
"563","Norway","Sentinel","2015-35",2015-08-24,0,0,0,0,0,0,0,0,0
"564","Norway","Sentinel","2015-36",2015-08-31,0,0,0,0,0,0,0,0,0
"565","Norway","Sentinel","2015-37",2015-09-07,0,0,0,0,0,0,0,0,0
"566","Norway","Sentinel","2015-38",2015-09-14,0,0,0,0,0,0,0,0,0
"567","Norway","Sentinel","2015-39",2015-09-21,0,0,0,0,0,0,0,0,0
"568","Norway","Sentinel","2015-40",2015-09-28,1,0,1,0,0,0,0,0,0
"569","Norway","Sentinel","2015-41",2015-10-05,5,0,5,0,0,0,0,0,0
"570","Norway","Sentinel","2015-42",2015-10-12,5,0,5,0,0,0,0,0,0
"571","Norway","Sentinel","2015-43",2015-10-19,8,0,8,0,0,0,0,0,0
"572","Norway","Sentinel","2015-44",2015-10-26,2,0,2,0,0,0,0,0,0
"573","Norway","Sentinel","2015-45",2015-11-02,6,1,5,0,0,0,0,0,1
"574","Norway","Sentinel","2015-46",2015-11-09,9,4,5,1,2,0,1,0,0
"575","Norway","Sentinel","2015-47",2015-11-16,15,5,10,2,1,0,2,0,0
"576","Norway","Sentinel","2015-48",2015-11-23,12,0,12,0,0,0,0,0,0
"577","Norway","Sentinel","2015-49",2015-11-30,6,2,4,2,0,0,0,0,0
"578","Norway","Sentinel","2015-50",2015-12-07,6,0,6,0,0,0,0,0,0
"579","Norway","Sentinel","2015-51",2015-12-14,15,3,12,2,1,0,0,0,0
"580","Norway","Sentinel","2015-52",2015-12-21,11,7,4,6,1,0,0,0,0
"581","Norway","Sentinel","2015-53",2015-12-28,8,2,6,2,0,0,0,0,0
"582","Norway","Sentinel","2016-01",2016-01-04,13,1,12,0,1,0,0,0,0
"583","Norway","Sentinel","2016-02",2016-01-11,15,6,9,5,1,0,0,0,0
"584","Norway","Sentinel","2016-03",2016-01-18,8,2,6,1,1,0,0,0,0
"585","Norway","Sentinel","2016-04",2016-01-25,22,9,13,8,0,1,0,0,0
"586","Norway","Sentinel","2016-05",2016-02-01,21,13,8,12,0,0,1,0,0
"587","Norway","Sentinel","2016-06",2016-02-08,34,13,21,10,0,0,3,0,0
"588","Norway","Sentinel","2016-07",2016-02-15,26,16,10,13,0,0,2,1,0
"589","Norway","Sentinel","2016-08",2016-02-22,18,6,12,4,0,0,2,0,0
"590","Norway","Sentinel","2016-09",2016-02-29,13,4,9,3,0,0,1,0,0
"591","Norway","Sentinel","2016-10",2016-03-07,11,4,7,2,0,0,2,0,0
"592","Norway","Sentinel","2016-11",2016-03-14,10,5,5,4,0,0,1,0,0
"593","Norway","Sentinel","2016-12",2016-03-21,0,0,0,0,0,0,0,0,0
"594","Norway","Sentinel","2016-13",2016-03-28,2,2,0,0,0,0,0,2,0
"595","Norway","Sentinel","2016-14",2016-04-04,6,2,4,0,0,0,2,0,0
"596","Norway","Sentinel","2016-15",2016-04-11,0,0,0,0,0,0,0,0,0
"597","Norway","Sentinel","2016-16",2016-04-18,0,0,0,0,0,0,0,0,0
"598","Norway","Sentinel","2016-17",2016-04-25,0,0,0,0,0,0,0,0,0
"599","Norway","Sentinel","2016-18",2016-05-02,0,0,0,0,0,0,0,0,0
"600","Norway","Sentinel","2016-19",2016-05-09,0,0,0,0,0,0,0,0,0
"601","Norway","Sentinel","2016-20",2016-05-16,0,0,0,0,0,0,0,0,0
"602","Norway","Sentinel","2016-21",2016-05-23,0,0,0,0,0,0,0,0,0
"603","Norway","Sentinel","2016-22",2016-05-30,0,0,0,0,0,0,0,0,0
"604","Norway","Sentinel","2016-23",2016-06-06,0,0,0,0,0,0,0,0,0
"605","Norway","Sentinel","2016-24",2016-06-13,0,0,0,0,0,0,0,0,0
"606","Norway","Sentinel","2016-25",2016-06-20,0,0,0,0,0,0,0,0,0
"607","Norway","Sentinel","2016-26",2016-06-27,0,0,0,0,0,0,0,0,0
"608","Norway","Sentinel","2016-27",2016-07-04,0,0,0,0,0,0,0,0,0
"609","Norway","Sentinel","2016-28",2016-07-11,0,0,0,0,0,0,0,0,0
"610","Norway","Sentinel","2016-29",2016-07-18,0,0,0,0,0,0,0,0,0
"611","Norway","Sentinel","2016-30",2016-07-25,0,0,0,0,0,0,0,0,0
"612","Norway","Sentinel","2016-31",2016-08-01,0,0,0,0,0,0,0,0,0
"613","Norway","Sentinel","2016-32",2016-08-08,0,0,0,0,0,0,0,0,0
"614","Norway","Sentinel","2016-33",2016-08-15,0,0,0,0,0,0,0,0,0
"615","Norway","Sentinel","2016-34",2016-08-22,0,0,0,0,0,0,0,0,0
"616","Norway","Sentinel","2016-35",2016-08-29,0,0,0,0,0,0,0,0,0
"617","Norway","Sentinel","2016-36",2016-09-05,0,0,0,0,0,0,0,0,0
"618","Norway","Sentinel","2016-37",2016-09-12,0,0,0,0,0,0,0,0,0
"619","Norway","Sentinel","2016-38",2016-09-19,0,0,0,0,0,0,0,0,0
"620","Norway","Sentinel","2016-39",2016-09-26,1,1,0,0,0,1,0,0,0
"621","Norway","Sentinel","2016-40",2016-10-03,0,0,0,0,0,0,0,0,0
"622","Norway","Sentinel","2016-41",2016-10-10,1,0,1,0,0,0,0,0,0
"623","Norway","Sentinel","2016-42",2016-10-17,6,0,6,0,0,0,0,0,0
"624","Norway","Sentinel","2016-43",2016-10-24,8,1,7,0,1,0,0,0,0
"625","Norway","Sentinel","2016-44",2016-10-31,25,6,19,0,6,0,0,0,0
"626","Norway","Sentinel","2016-45",2016-11-07,26,1,25,0,1,0,0,0,0
"627","Norway","Sentinel","2016-46",2016-11-14,12,3,9,0,2,0,1,0,0
"628","Norway","Sentinel","2016-47",2016-11-21,19,4,15,0,4,0,0,0,0
"629","Norway","Sentinel","2016-48",2016-11-28,20,8,12,0,8,0,0,0,0
"630","Norway","Sentinel","2016-49",2016-12-05,33,10,23,0,8,1,0,1,0
"631","Norway","Sentinel","2016-50",2016-12-12,42,16,26,0,14,1,1,0,0
"632","Norway","Sentinel","2016-51",2016-12-19,34,19,15,0,11,5,1,1,1
"633","Norway","Sentinel","2016-52",2016-12-26,32,17,15,0,15,1,1,0,0
"634","Norway","Sentinel","2017-01",2017-01-02,35,14,21,0,14,0,0,0,0
"635","Norway","Sentinel","2017-02",2017-01-09,32,16,16,0,14,2,0,0,0
"636","Norway","Sentinel","2017-03",2017-01-16,24,15,9,0,13,0,0,2,0
"637","Norway","Sentinel","2017-04",2017-01-23,20,8,12,0,8,0,0,0,0
"638","Norway","Sentinel","2017-05",2017-01-30,17,3,14,0,3,0,0,0,0
"639","Norway","Sentinel","2017-06",2017-02-06,4,2,2,0,2,0,0,0,0
"640","Norway","Sentinel","2017-07",2017-02-13,8,4,4,0,3,0,0,1,0
"641","Norway","Sentinel","2017-08",2017-02-20,8,6,2,0,6,0,0,0,0
"642","Norway","Sentinel","2017-09",2017-02-27,3,2,1,0,2,0,0,0,0
"643","Norway","Sentinel","2017-10",2017-03-06,4,0,4,0,0,0,0,0,0
"644","Norway","Sentinel","2017-11",2017-03-13,4,1,3,0,1,0,0,0,0
"645","Norway","Sentinel","2017-12",2017-03-20,1,0,1,0,0,0,0,0,0
"646","Norway","Sentinel","2017-13",2017-03-27,0,0,0,0,0,0,0,0,0
"647","Norway","Sentinel","2017-14",2017-04-03,0,0,0,0,0,0,0,0,0
"648","Norway","Sentinel","2017-15",2017-04-10,0,0,0,0,0,0,0,0,0
"649","Norway","Sentinel","2017-16",2017-04-17,0,0,0,0,0,0,0,0,0
"650","Norway","Sentinel","2017-17",2017-04-24,0,0,0,0,0,0,0,0,0
"651","Norway","Sentinel","2017-18",2017-05-01,0,0,0,0,0,0,0,0,0
"652","Norway","Sentinel","2017-19",2017-05-08,0,0,0,0,0,0,0,0,0
"653","Norway","Sentinel","2017-20",2017-05-15,0,0,0,0,0,0,0,0,0
"654","Norway","Sentinel","2017-21",2017-05-22,0,0,0,0,0,0,0,0,0
"655","Norway","Sentinel","2017-22",2017-05-29,1,0,1,0,0,0,0,0,0
"656","Norway","Sentinel","2017-23",2017-06-05,0,0,0,0,0,0,0,0,0
"657","Norway","Sentinel","2017-24",2017-06-12,0,0,0,0,0,0,0,0,0
"658","Norway","Sentinel","2017-25",2017-06-19,0,0,0,0,0,0,0,0,0
"659","Norway","Sentinel","2017-26",2017-06-26,0,0,0,0,0,0,0,0,0
"660","Norway","Sentinel","2017-27",2017-07-03,0,0,0,0,0,0,0,0,0
"661","Norway","Sentinel","2017-28",2017-07-10,0,0,0,0,0,0,0,0,0
"662","Norway","Sentinel","2017-29",2017-07-17,0,0,0,0,0,0,0,0,0
"663","Norway","Sentinel","2017-30",2017-07-24,0,0,0,0,0,0,0,0,0
"664","Norway","Sentinel","2017-31",2017-07-31,0,0,0,0,0,0,0,0,0
"665","Norway","Sentinel","2017-32",2017-08-07,0,0,0,0,0,0,0,0,0
"666","Norway","Sentinel","2017-33",2017-08-14,0,0,0,0,0,0,0,0,0
"667","Norway","Sentinel","2017-34",2017-08-21,0,0,0,0,0,0,0,0,0
"668","Norway","Sentinel","2017-35",2017-08-28,0,0,0,0,0,0,0,0,0
"669","Norway","Sentinel","2017-36",2017-09-04,0,0,0,0,0,0,0,0,0
"670","Norway","Sentinel","2017-37",2017-09-11,0,0,0,0,0,0,0,0,0
"671","Norway","Sentinel","2017-38",2017-09-18,0,0,0,0,0,0,0,0,0
"672","Norway","Sentinel","2017-39",2017-09-25,0,0,0,0,0,0,0,0,0
"673","Norway","Sentinel","2017-40",2017-10-02,8,0,8,0,0,0,0,0,0
"674","Norway","Sentinel","2017-41",2017-10-09,7,0,7,0,0,0,0,0,0
"675","Norway","Sentinel","2017-42",2017-10-16,13,0,13,0,0,0,0,0,0
"676","Norway","Sentinel","2017-43",2017-10-23,10,1,9,0,1,0,0,0,0
"677","Norway","Sentinel","2017-44",2017-10-30,11,0,11,0,0,0,0,0,0
"678","Norway","Sentinel","2017-45",2017-11-06,12,1,11,0,0,0,0,0,1
"679","Norway","Sentinel","2017-46",2017-11-13,6,0,6,0,0,0,0,0,0
"680","Norway","Sentinel","2017-47",2017-11-20,9,1,8,0,0,0,0,1,0
"681","Norway","Sentinel","2017-48",2017-11-27,15,2,13,0,1,0,0,1,0
"682","Norway","Sentinel","2017-49",2017-12-04,16,3,13,0,0,2,0,1,0
"683","Norway","Sentinel","2017-50",2017-12-11,17,6,11,0,2,0,0,4,0
"684","Norway","Sentinel","2017-51",2017-12-18,25,12,13,2,3,0,0,7,0
"685","Norway","Sentinel","2017-52",2017-12-25,12,7,5,0,2,0,0,5,0
"686","Norway","Sentinel","2018-01",2018-01-01,40,17,23,2,2,0,0,13,0
"687","Norway","Sentinel","2018-02",2018-01-08,24,18,6,0,3,0,1,14,0
"688","Norway","Sentinel","2018-03",2018-01-15,29,17,12,1,2,0,2,12,0
"689","Norway","Sentinel","2018-04",2018-01-22,17,12,5,1,4,0,0,7,0
"690","Norway","Sentinel","2018-05",2018-01-29,19,11,8,1,1,0,2,6,1
"691","Norway","Sentinel","2018-06",2018-02-05,16,10,6,0,3,0,0,7,0
"692","Norway","Sentinel","2018-07",2018-02-12,25,17,8,0,4,0,1,12,0
"693","Norway","Sentinel","2018-08",2018-02-19,20,19,1,1,4,0,0,13,1
"694","Norway","Sentinel","2018-09",2018-02-26,14,9,5,2,0,0,0,6,1
"695","Norway","Sentinel","2018-10",2018-03-05,14,7,7,1,4,0,0,2,0
"696","Norway","Sentinel","2018-11",2018-03-12,5,3,2,0,0,0,0,3,0
"697","Norway","Sentinel","2018-12",2018-03-19,6,2,4,0,1,0,0,1,0
"698","Norway","Sentinel","2018-13",2018-03-26,0,0,0,0,0,0,0,0,0
"699","Norway","Sentinel","2018-14",2018-04-02,1,0,1,0,0,0,0,0,0
"700","Norway","Sentinel","2018-15",2018-04-09,0,0,0,0,0,0,0,0,0
"701","Norway","Sentinel","2018-16",2018-04-16,1,0,1,0,0,0,0,0,0
"702","Norway","Sentinel","2018-17",2018-04-23,0,0,0,0,0,0,0,0,0
"703","Norway","Sentinel","2018-18",2018-04-30,0,0,0,0,0,0,0,0,0
"704","Norway","Sentinel","2018-19",2018-05-07,0,0,0,0,0,0,0,0,0
"705","Norway","Sentinel","2018-20",2018-05-14,0,0,0,0,0,0,0,0,0
"706","Norway","Sentinel","2018-21",2018-05-21,1,0,1,0,0,0,0,0,0
"707","Norway","Sentinel","2018-22",2018-05-28,0,0,0,0,0,0,0,0,0
"708","Norway","Sentinel","2018-23",2018-06-04,0,0,0,0,0,0,0,0,0
"709","Norway","Sentinel","2018-24",2018-06-11,0,0,0,0,0,0,0,0,0
"710","Norway","Sentinel","2018-25",2018-06-18,0,0,0,0,0,0,0,0,0
"711","Norway","Sentinel","2018-26",2018-06-25,0,0,0,0,0,0,0,0,0
"712","Norway","Sentinel","2018-27",2018-07-02,0,0,0,0,0,0,0,0,0
"713","Norway","Sentinel","2018-28",2018-07-09,0,0,0,0,0,0,0,0,0
"714","Norway","Sentinel","2018-29",2018-07-16,0,0,0,0,0,0,0,0,0
"715","Norway","Sentinel","2018-30",2018-07-23,0,0,0,0,0,0,0,0,0
"716","Norway","Sentinel","2018-31",2018-07-30,0,0,0,0,0,0,0,0,0
"717","Norway","Sentinel","2018-32",2018-08-06,0,0,0,0,0,0,0,0,0
"718","Norway","Sentinel","2018-33",2018-08-13,0,0,0,0,0,0,0,0,0
"719","Norway","Sentinel","2018-34",2018-08-20,0,0,0,0,0,0,0,0,0
"720","Norway","Sentinel","2018-35",2018-08-27,0,0,0,0,0,0,0,0,0
"721","Norway","Sentinel","2018-36",2018-09-03,0,0,0,0,0,0,0,0,0
"722","Norway","Sentinel","2018-37",2018-09-10,0,0,0,0,0,0,0,0,0
"723","Norway","Sentinel","2018-38",2018-09-17,0,0,0,0,0,0,0,0,0
"724","Norway","Sentinel","2018-39",2018-09-24,0,0,0,0,0,0,0,0,0
"725","Norway","Sentinel","2018-40",2018-10-01,3,0,3,0,0,0,0,0,0
"726","Norway","Sentinel","2018-41",2018-10-08,8,0,8,0,0,0,0,0,0
"727","Norway","Sentinel","2018-42",2018-10-15,5,0,5,0,0,0,0,0,0
"728","Norway","Sentinel","2018-43",2018-10-22,4,0,4,0,0,0,0,0,0
"729","Norway","Sentinel","2018-44",2018-10-29,8,1,7,1,0,0,0,0,0
"730","Norway","Sentinel","2018-45",2018-11-05,12,2,10,2,0,0,0,0,0
"731","Norway","Sentinel","2018-46",2018-11-12,12,2,10,2,0,0,0,0,0
"732","Norway","Sentinel","2018-47",2018-11-19,9,0,9,0,0,0,0,0,0
"733","Norway","Sentinel","2018-48",2018-11-26,8,3,5,3,0,0,0,0,0
"734","Norway","Sentinel","2018-49",2018-12-03,12,3,9,3,0,0,0,0,0
"735","Norway","Sentinel","2018-50",2018-12-10,13,4,9,2,1,1,0,0,0
"736","Norway","Sentinel","2018-51",2018-12-17,19,5,14,4,1,0,0,0,0
"737","Norway","Sentinel","2018-52",2018-12-24,11,9,2,9,0,0,0,0,0
"738","Norway","Sentinel","2019-01",2018-12-31,16,8,8,8,0,0,0,0,0
"739","Norway","Sentinel","2019-02",2019-01-07,27,11,16,11,0,0,0,0,0
"740","Norway","Sentinel","2019-03",2019-01-14,22,10,12,7,2,1,0,0,0
"741","Norway","Sentinel","2019-04",2019-01-21,21,15,6,10,5,0,0,0,0
"742","Norway","Sentinel","2019-05",2019-01-28,18,16,2,14,2,0,0,0,0
"743","Norway","Sentinel","2019-06",2019-02-04,26,12,14,10,2,0,0,0,0
"744","Norway","Sentinel","2019-07",2019-02-11,42,29,13,25,4,0,0,0,0
"745","Norway","Sentinel","2019-08",2019-02-18,26,17,9,9,8,0,0,0,0
"746","Norway","Sentinel","2019-09",2019-02-25,13,12,1,9,3,0,0,0,0
"747","Norway","Sentinel","2019-10",2019-03-04,20,10,10,5,5,0,0,0,0
"748","Norway","Sentinel","2019-11",2019-03-11,5,3,2,0,3,0,0,0,0
"749","Norway","Sentinel","2019-12",2019-03-18,7,4,3,3,1,0,0,0,0
"750","Norway","Sentinel","2019-13",2019-03-25,4,3,1,0,3,0,0,0,0
"751","Norway","Sentinel","2019-14",2019-04-01,2,2,0,0,2,0,0,0,0
"752","Norway","Sentinel","2019-15",2019-04-08,3,2,1,0,2,0,0,0,0
"753","Norway","Sentinel","2019-16",2019-04-15,0,0,0,0,0,0,0,0,0
"754","Norway","Sentinel","2019-17",2019-04-22,1,1,0,0,1,0,0,0,0
"755","Norway","Sentinel","2019-18",2019-04-29,0,0,0,0,0,0,0,0,0
"756","Norway","Sentinel","2019-19",2019-05-06,2,0,2,0,0,0,0,0,0
"757","Norway","Sentinel","2019-20",2019-05-13,2,1,1,0,1,0,0,0,0
"758","Norway","Sentinel","2019-21",2019-05-20,1,0,1,0,0,0,0,0,0
"759","Norway","Sentinel","2019-22",2019-05-27,0,0,0,0,0,0,0,0,0
"760","Norway","Sentinel","2019-23",2019-06-03,0,0,0,0,0,0,0,0,0
"761","Norway","Sentinel","2019-24",2019-06-10,0,0,0,0,0,0,0,0,0
"762","Norway","Sentinel","2019-25",2019-06-17,0,0,0,0,0,0,0,0,0
"763","Norway","Sentinel","2019-26",2019-06-24,0,0,0,0,0,0,0,0,0
"764","Norway","Sentinel","2019-27",2019-07-01,0,0,0,0,0,0,0,0,0
"765","Norway","Sentinel","2019-28",2019-07-08,0,0,0,0,0,0,0,0,0
"766","Norway","Sentinel","2019-29",2019-07-15,0,0,0,0,0,0,0,0,0
"767","Norway","Sentinel","2019-30",2019-07-22,0,0,0,0,0,0,0,0,0
"768","Norway","Sentinel","2019-31",2019-07-29,0,0,0,0,0,0,0,0,0
"769","Norway","Sentinel","2019-32",2019-08-05,0,0,0,0,0,0,0,0,0
"770","Norway","Sentinel","2019-33",2019-08-12,0,0,0,0,0,0,0,0,0
"771","Norway","Sentinel","2019-34",2019-08-19,0,0,0,0,0,0,0,0,0
"772","Norway","Sentinel","2019-35",2019-08-26,0,0,0,0,0,0,0,0,0
"773","Norway","Sentinel","2019-36",2019-09-02,0,0,0,0,0,0,0,0,0
"774","Norway","Sentinel","2019-37",2019-09-09,1,0,1,0,0,0,0,0,0
"775","Norway","Sentinel","2019-38",2019-09-16,0,0,0,0,0,0,0,0,0
"776","Norway","Sentinel","2019-39",2019-09-23,0,0,0,0,0,0,0,0,0
"777","Norway","Sentinel","2019-40",2019-09-30,0,0,0,0,0,0,0,0,0
"778","Norway","Sentinel","2019-41",2019-10-07,2,0,2,0,0,0,0,0,0
"779","Norway","Sentinel","2019-42",2019-10-14,4,0,4,0,0,0,0,0,0
"780","Norway","Sentinel","2019-43",2019-10-21,6,1,5,0,1,0,0,0,0
"781","Norway","Sentinel","2019-44",2019-10-28,9,0,9,0,0,0,0,0,0
"782","Norway","Sentinel","2019-45",2019-11-04,8,0,8,0,0,0,0,0,0
"783","Norway","Sentinel","2019-46",2019-11-11,9,1,8,0,1,0,0,0,0
"784","Norway","Sentinel","2019-47",2019-11-18,13,1,12,0,1,0,0,0,0
"785","Norway","Sentinel","2019-48",2019-11-25,11,5,6,1,2,1,1,0,0
"786","Norway","Sentinel","2019-49",2019-12-02,14,4,10,0,1,0,2,1,0
"787","Norway","Sentinel","2019-50",2019-12-09,15,5,10,2,3,0,0,0,0
"788","Norway","Sentinel","2019-51",2019-12-16,10,4,6,1,1,0,1,1,0
"789","Norway","Sentinel","2019-52",2019-12-23,3,1,2,0,0,0,1,0,0
"790","Norway","Sentinel","2020-01",2019-12-30,19,6,13,1,2,0,1,1,1
